timestamp,open,high,low,close,volume
2015-07-20 00:00:00+00:00,277.98,294.49,275.01,293.89,30921.44045816
2015-07-27 00:00:00+00:00,293.88,298.0,277.26,282.62,35555.54637148
2015-08-03 00:00:00+00:00,282.62,286.47,260.07,267.63,37460.17628597
2015-08-10 00:00:00+00:00,267.6,272.4,255.67,259.2,39437.18225658
2015-08-17 00:00:00+00:00,259.2,261.57,200.0,229.21,60496.37750135
2015-08-24 00:00:00+00:00,229.23,236.18,198.02,229.39,72456.99505417
2015-08-31 00:00:00+00:00,229.4,244.82,225.23,241.29,47676.10528168
2015-09-07 00:00:00+00:00,241.26,247.82,229.72,230.82,42173.67692644
2015-09-14 00:00:00+00:00,230.83,235.93,226.85,232.24,42263.09842047
2015-09-21 00:00:00+00:00,232.26,237.62,224.45,233.58,45891.211418060004
2015-09-28 00:00:00+00:00,233.53,241.05,233.53,239.87,40289.38102101
2015-10-05 00:00:00+00:00,239.87,250.0,237.5,249.02,44457.6146093
2015-10-12 00:00:00+00:00,249.01,274.81,244.86,265.0,52081.03809971
2015-10-19 00:00:00+00:00,265.0,295.93,262.05,284.97,48180.26882919
2015-10-26 00:00:00+00:00,284.97,336.97,282.04,329.46,89668.76632546
2015-11-02 00:00:00+00:00,329.45,499.99,326.07,373.83,173641.53215288
2015-11-09 00:00:00+00:00,373.84,386.96,293.32,322.93,84345.35380432999
2015-11-16 00:00:00+00:00,322.94,340.72,311.23,323.71,44359.4377744
2015-11-23 00:00:00+00:00,323.72,373.63,316.26,372.24,50252.61440466
2015-11-30 00:00:00+00:00,372.25,401.01,347.55,387.55,61138.62221246
2015-12-07 00:00:00+00:00,387.53,469.34,383.0,433.83,86679.73145594
2015-12-14 00:00:00+00:00,433.38,465.6,429.12,442.22,239234.43419744002
2015-12-21 00:00:00+00:00,442.36,460.0,410.0,424.72,50493.88143047
2015-12-28 00:00:00+00:00,424.73,437.56,418.0,431.91,35726.34682649
2016-01-04 00:00:00+00:00,431.9,464.4,428.15,449.99,46977.77397739
2016-01-11 00:00:00+00:00,449.99,452.65,350.92,378.46,81782.68047114
2016-01-18 00:00:00+00:00,378.47,425.1,369.0,403.05,62749.64667783
2016-01-25 00:00:00+00:00,403.04,403.04,363.25,367.95,50667.27307366
2016-02-01 00:00:00+00:00,367.89,390.63,365.63,377.49,48708.26437373
2016-02-08 00:00:00+00:00,377.47,406.92,360.0,406.59,55366.23227123
2016-02-15 00:00:00+00:00,406.62,448.7,390.0,438.56,49723.64981515
2016-02-22 00:00:00+00:00,438.56,440.9,410.0,433.73,45025.55543291
2016-02-29 00:00:00+00:00,433.73,442.0,381.09,403.24,65971.19301776
2016-03-07 00:00:00+00:00,403.24,421.3,395.0,412.52,49322.65000678
2016-03-14 00:00:00+00:00,412.51,419.75,399.21,411.27,44574.87186569
2016-03-21 00:00:00+00:00,411.25,426.5,406.89,425.3,35614.48070797
2016-03-28 00:00:00+00:00,425.29,425.36,407.56,420.16,36719.66704397
2016-04-04 00:00:00+00:00,420.08,424.65,415.51,423.4,34237.79589013
2016-04-11 00:00:00+00:00,423.29,434.93,420.15,431.0,34325.3130317
2016-04-18 00:00:00+00:00,431.08,465.0,428.44,464.46,43969.89493276
2016-04-25 00:00:00+00:00,464.47,472.38,434.0,456.98,49855.82094758
2016-05-02 00:00:00+00:00,456.98,465.0,440.02,462.79,36739.68489591
2016-05-09 00:00:00+00:00,462.6,465.9,448.2,461.47,36532.03700566
2016-05-16 00:00:00+00:00,461.48,461.59,435.0,442.48,40882.12702876
2016-05-23 00:00:00+00:00,442.45,549.99,440.5,525.22,56161.0898992
2016-05-30 00:00:00+00:00,525.22,594.64,519.0,575.17,48638.88783747
2016-06-06 00:00:00+00:00,575.17,687.71,475.0,677.86,56718.21024498
2016-06-13 00:00:00+00:00,677.45,785.15,650.02,768.76,81705.75416347
2016-06-20 00:00:00+00:00,768.94,768.94,544.13,638.56,104463.16724832
2016-06-27 00:00:00+00:00,638.56,705.25,630.0,663.55,44883.83737968
2016-07-04 00:00:00+00:00,664.09,683.69,608.0,652.44,51689.89709131
2016-07-11 00:00:00+00:00,652.43,680.99,640.0,680.0,53591.37714711
2016-07-18 00:00:00+00:00,680.0,684.94,647.59,661.0,31093.78487187
2016-07-25 00:00:00+00:00,660.92,664.13,621.37,626.97,33106.34723672
2016-08-01 00:00:00+00:00,626.97,629.34,483.0,595.14,65303.17110565
2016-08-08 00:00:00+00:00,595.14,601.09,565.19,574.99,34037.03782432
2016-08-15 00:00:00+00:00,574.97,583.99,561.56,581.29,27632.55792518
2016-08-22 00:00:00+00:00,581.34,586.99,568.95,575.41,26552.98200435
2016-08-29 00:00:00+00:00,575.41,617.13,568.12,611.92,32516.62351397
2016-09-05 00:00:00+00:00,611.94,631.3,591.8,607.94,28698.06426564
2016-09-12 00:00:00+00:00,607.94,611.99,603.0,611.4,25789.78021731
2016-09-19 00:00:00+00:00,611.4,612.46,592.63,601.67,25565.17125718
2016-09-26 00:00:00+00:00,601.67,617.19,600.02,612.4,27473.41745862
2016-10-03 00:00:00+00:00,612.42,620.0,606.93,617.42,28115.93128428
2016-10-10 00:00:00+00:00,617.43,647.03,615.46,641.92,25990.36656492
2016-10-17 00:00:00+00:00,642.1,658.0,625.6,651.04,28537.95614316
2016-10-24 00:00:00+00:00,651.05,725.64,645.81,697.41,35893.74283569
2016-10-31 00:00:00+00:00,697.39,746.16,672.06,717.02,38053.85031734
2016-11-07 00:00:00+00:00,717.04,747.26,685.7,704.01,35696.33628369
2016-11-14 00:00:00+00:00,704.01,753.81,671.23,731.99,31888.04558327
2016-11-21 00:00:00+00:00,731.72,748.77,726.0,729.24,22908.58572439
2016-11-28 00:00:00+00:00,729.24,780.0,728.2,767.99,27793.47804384
2016-12-05 00:00:00+00:00,767.94,776.99,748.6,771.05,29137.94216317
2016-12-12 00:00:00+00:00,771.05,791.97,770.88,790.72,33149.88871631
2016-12-19 00:00:00+00:00,790.71,918.5,788.58,896.12,53216.10313733
2016-12-26 00:00:00+00:00,895.94,1000.0,890.0,992.95,45012.631222539996
2017-01-02 00:00:00+00:00,992.96,1175.0,802.07,923.33,83908.97302484
2017-01-09 00:00:00+00:00,922.04,923.98,734.64,833.31,63988.63926197
2017-01-16 00:00:00+00:00,833.43,946.25,826.03,931.22,35511.95583353
2017-01-23 00:00:00+00:00,929.45,931.33,880.0,916.54,28743.80167309
2017-01-30 00:00:00+00:00,916.56,1044.12,914.69,1016.32,38268.92483137
2017-02-06 00:00:00+00:00,1016.32,1079.0,925.0,1010.0,46990.71682949
2017-02-13 00:00:00+00:00,1009.99,1073.8,985.68,1059.88,34417.74489597
2017-02-20 00:00:00+00:00,1059.88,1221.93,1051.36,1184.91,48767.54330141
2017-02-27 00:00:00+00:00,1184.91,1298.61,1085.71,1278.98,48232.54391634
2017-03-06 00:00:00+00:00,1278.63,1360.0,956.85,1235.58,79834.24314224
2017-03-13 00:00:00+00:00,1235.27,1277.27,919.44,1019.49,97631.33074611
2017-03-20 00:00:00+00:00,1019.1,1120.0,890.05,973.08,88946.33475885875
2017-03-27 00:00:00+00:00,973.97,1119.0,961.1,1113.99,62163.78274261
2017-04-03 00:00:00+00:00,1113.23,1221.0,1112.24,1210.97,58821.39572899
2017-04-10 00:00:00+00:00,1210.99,1234.0,0.06,1177.99,39769.57692098
2017-04-17 00:00:00+00:00,1177.63,1258.77,1170.85,1251.98,44678.83512919
2017-04-24 00:00:00+00:00,1251.91,1394.51,1246.31,1384.55,68327.55810973
2017-05-01 00:00:00+00:00,1384.55,1665.0,1370.98,1609.57,110057.5592578
2017-05-08 00:00:00+00:00,1611.1,1889.0,1608.0,1799.99,100672.5232818
2017-05-15 00:00:00+00:00,1799.98,2102.68,1690.14,2057.0,96721.1316482
2017-05-22 00:00:00+00:00,2056.99,2806.0,1913.19,2232.78,191491.81255871
2017-05-29 00:00:00+00:00,2237.0,2599.0,2112.31,2521.36,121112.95120785
2017-06-05 00:00:00+00:00,2521.43,2998.99,2517.02,2998.98,121609.96929614
2017-06-12 00:00:00+00:00,2998.98,2999.99,2050.0,2515.25,182265.21354971
2017-06-19 00:00:00+00:00,2515.25,2781.59,2430.05,2505.61,99625.12008852
2017-06-26 00:00:00+00:00,2505.61,2605.0,2258.34,2516.66,97110.73484858
2017-07-03 00:00:00+00:00,2515.37,2636.1,2471.22,2508.99,64276.12187633
2017-07-10 00:00:00+00:00,2508.0,2523.0,1758.2,1911.78,106225.3263473
2017-07-17 00:00:00+00:00,1911.79,2957.0,1909.58,2754.28,145791.91848284
2017-07-24 00:00:00+00:00,2755.19,2825.11,2403.0,2723.99,85864.5910777
2017-07-31 00:00:00+00:00,2723.99,3335.0,2650.0,3222.22,75079.16442246
2017-08-07 00:00:00+00:00,3222.22,4200.0,3190.0,4060.47,107573.96570778
2017-08-14 00:00:00+00:00,4060.47,4469.0,3807.14,4050.99,129686.30593428
2017-08-21 00:00:00+00:00,4050.99,4453.9,3583.46,4340.11,80440.74543699
2017-08-28 00:00:00+00:00,4343.5,4980.0,4200.0,4626.05,96883.81934648
2017-09-04 00:00:00+00:00,4626.05,4692.0,4139.0,4251.36,104718.97438775
2017-09-11 00:00:00+00:00,4251.36,4375.37,2975.01,3719.97,165887.15951427
2017-09-18 00:00:00+00:00,3719.98,4130.0,3509.79,3669.01,79514.51282657
2017-09-25 00:00:00+00:00,3669.01,4396.99,3669.01,4394.81,57416.40102044
2017-10-02 00:00:00+00:00,4394.81,4612.0,4150.01,4603.49,50071.21124442
2017-10-09 00:00:00+00:00,4603.5,5867.0,4561.0,5693.7,102734.65083079
2017-10-16 00:00:00+00:00,5693.7,6189.1,5102.0,6005.05,86565.26160593
2017-10-23 00:00:00+00:00,6005.05,6298.99,5376.71,6140.01,88017.22910656
2017-10-30 00:00:00+00:00,6140.01,7630.0,6028.0,7392.0,134760.21034911
2017-11-06 00:00:00+00:00,7391.95,7898.0,5511.11,5886.35,207248.97351097
2017-11-13 00:00:00+00:00,5886.35,8098.62,5850.0,8031.82,168442.60119667
2017-11-20 00:00:00+00:00,8031.83,9596.0,7802.99,9401.11,132433.00974608999
2017-11-27 00:00:00+00:00,9401.11,11891.0,8595.55,11290.0,242275.4607859
2017-12-04 00:00:00+00:00,11290.0,19697.0,10950.0,15290.01,336355.25276376
2017-12-11 00:00:00+00:00,15290.01,19891.99,15200.0,19378.99,202521.40353112
2017-12-18 00:00:00+00:00,19378.99,19385.0,10400.0,14221.94,293937.86480987
2017-12-25 00:00:00+00:00,14221.93,16490.0,12500.0,13863.13,159987.34101826
2018-01-01 00:00:00+00:00,13863.14,17178.0,12952.5,16174.22,125933.94853684
2018-01-08 00:00:00+00:00,16174.22,16275.0,12800.01,13656.23,126181.52611578
2018-01-15 00:00:00+00:00,13656.23,14253.0,9005.0,11518.17,217946.9968328
2018-01-22 00:00:00+00:00,11518.17,11849.0,9945.0,11536.0,120542.08690959
2018-01-29 00:00:00+00:00,11536.0,11570.0,7540.0,8167.91,196264.07646952
2018-02-05 00:00:00+00:00,8167.9,9090.0,5873.0,8072.99,303313.28634237
2018-02-12 00:00:00+00:00,8073.0,11299.1,8072.99,10380.04,156019.32981204
2018-02-19 00:00:00+00:00,10380.03,11775.0,9324.75,9597.99,156413.98596539
2018-02-26 00:00:00+00:00,9600.0,11494.57,9404.0,11469.9,108110.57871766
2018-03-05 00:00:00+00:00,11469.9,11645.74,8370.0,9533.88,166643.06644579
2018-03-12 00:00:00+00:00,9533.88,9890.0,7310.0,8192.0,155658.02518136
2018-03-19 00:00:00+00:00,8192.0,9174.0,8108.31,8453.0,113244.35820492
2018-03-26 00:00:00+00:00,8453.0,8498.0,6450.0,6816.01,132855.05415303
2018-04-02 00:00:00+00:00,6816.01,7520.0,6518.88,7020.01,90431.95818026
2018-04-09 00:00:00+00:00,7020.01,8392.56,6617.0,8355.25,102192.09734721
2018-04-16 00:00:00+00:00,8355.24,9038.87,7822.0,8795.01,83565.85957484
2018-04-23 00:00:00+00:00,8795.0,9763.49,8602.43,9389.01,104789.37240996001
2018-04-30 00:00:00+00:00,9389.01,9948.12,8831.21,9600.0,71896.9213823
2018-05-07 00:00:00+00:00,9600.0,9619.55,8223.43,8686.1,71280.97244907
2018-05-14 00:00:00+00:00,8686.1,8880.01,7927.21,8516.86,61280.7107099
2018-05-21 00:00:00+00:00,8516.86,8584.39,7229.01,7346.64,57120.85698854
2018-05-28 00:00:00+00:00,7346.64,7777.0,7058.0,7706.37,47668.34272938
2018-06-04 00:00:00+00:00,7706.37,7747.57,6652.0,6770.31,48062.33128931
2018-06-11 00:00:00+00:00,6770.31,6913.83,6135.0,6447.16,69188.19912172
2018-06-18 00:00:00+00:00,6447.15,6829.06,5777.0,6149.99,62744.31257959
2018-06-25 00:00:00+00:00,6150.0,6520.15,5790.01,6349.5,52666.78206945
2018-07-02 00:00:00+00:00,6349.5,6843.26,6270.01,6701.97,41655.2939573
2018-07-09 00:00:00+00:00,6701.97,6815.82,6075.01,6348.73,40785.25584524
2018-07-16 00:00:00+00:00,6348.73,7687.0,6330.3,7397.8,71636.59011028
2018-07-23 00:00:00+00:00,7400.0,8488.0,7378.26,8216.34,79041.52704124
2018-07-30 00:00:00+00:00,8216.33,8274.92,6880.0,7030.01,69206.4306545
2018-08-06 00:00:00+00:00,7030.0,7163.0,6003.0,6316.01,82789.27682978
2018-08-13 00:00:00+00:00,6316.0,6636.0,5900.0,6489.53,77332.86490106
2018-08-20 00:00:00+00:00,6489.53,6890.65,6227.71,6709.98,56743.33549898
2018-08-27 00:00:00+00:00,6709.98,7328.99,6654.13,7295.0,55253.59913881
2018-09-03 00:00:00+00:00,7294.99,7402.5,6116.0,6235.01,71658.68932277
2018-09-10 00:00:00+00:00,6235.02,6580.0,6176.76,6498.0,46387.91964998
2018-09-17 00:00:00+00:00,6498.0,6823.0,6106.37,6696.99,53260.52042471
2018-09-24 00:00:00+00:00,6696.99,6786.73,6320.5,6605.0,45994.88497883
2018-10-01 00:00:00+00:00,6605.0,6641.0,6398.96,6570.0,36230.088595659996
2018-10-08 00:00:00+00:00,6569.99,6681.19,6033.34,6183.49,50327.8457383
2018-10-15 00:00:00+00:00,6183.52,6810.0,6151.58,6415.88,54090.92724693
2018-10-22 00:00:00+00:00,6415.87,6471.0,6360.0,6403.62,25592.32837604
2018-10-29 00:00:00+00:00,6403.63,6464.15,6201.67,6423.28,31619.89597663
2018-11-05 00:00:00+00:00,6423.29,6540.0,6271.15,6357.6,30143.13002344
2018-11-12 00:00:00+00:00,6357.6,6383.59,5188.0,5560.0,81914.8849986
2018-11-19 00:00:00+00:00,5560.0,5560.0,3456.78,3936.69,231355.7031903
2018-11-26 00:00:00+00:00,3936.7,4414.89,3508.0,4103.19,158652.65683707
2018-12-03 00:00:00+00:00,4102.8,4119.98,3212.0,3531.18,141175.77835958
2018-12-10 00:00:00+00:00,3531.18,3590.71,3128.89,3195.0,80605.39549177
2018-12-17 00:00:00+00:00,3194.99,4175.0,3184.28,3944.93,141673.62378852
2018-12-24 00:00:00+00:00,3944.92,4239.37,3567.0,3829.0,91711.77988569
2018-12-31 00:00:00+00:00,3829.0,4088.0,3625.0,4040.99,68656.55747212
2019-01-07 00:00:00+00:00,4040.98,4114.8,3481.54,3514.24,85078.36220019
2019-01-14 00:00:00+00:00,3514.24,3765.9,3481.01,3536.19,59431.67894757
2019-01-21 00:00:00+00:00,3537.56,3657.76,3425.0,3531.02,46908.51389551
2019-01-28 00:00:00+00:00,3531.02,3535.92,3337.87,3414.78,55785.80081713
2019-02-04 00:00:00+00:00,3415.69,3711.0,3340.8,3648.84,59022.18894384
2019-02-11 00:00:00+00:00,3648.85,3675.0,3535.1,3625.08,48590.02881781
2019-02-18 00:00:00+00:00,3625.08,4188.79,3616.18,3734.22,84990.79861821
2019-02-25 00:00:00+00:00,3734.23,3910.0,3655.0,3786.93,50472.44263907
2019-03-04 00:00:00+00:00,3786.93,3947.33,3672.39,3900.92,50501.56226403
2019-03-11 00:00:00+00:00,3900.93,4037.47,3779.28,3967.01,43852.59803476
2019-03-18 00:00:00+00:00,3967.01,4056.33,3915.14,3969.52,40168.453713
2019-03-25 00:00:00+00:00,3969.52,4131.87,3858.0,4094.99,40829.19764002
2019-04-01 00:00:00+00:00,4095.0,5345.0,4051.53,5194.79,136071.54017464
2019-04-08 00:00:00+00:00,5194.76,5488.0,4901.99,5164.27,77297.06442302
2019-04-15 00:00:00+00:00,5163.81,5359.98,4945.54,5297.64,51414.58286817
2019-04-22 00:00:00+00:00,5297.64,5650.01,4963.0,5155.0,87391.80556355
2019-04-29 00:00:00+00:00,5155.0,5846.88,5072.01,5715.86,65826.93856712
2019-05-06 00:00:00+00:00,5715.86,7581.82,5564.93,6979.76,150060.83324347
2019-05-13 00:00:00+00:00,6979.24,8388.0,6600.0,8200.0,224670.08427449
2019-05-20 00:00:00+00:00,8194.34,8793.97,7467.1,8731.72,111649.13339687
2019-05-27 00:00:00+00:00,8732.34,9090.0,7972.0,8736.55,104139.71186153
2019-06-03 00:00:00+00:00,8736.55,8742.48,7427.0,7634.58,98410.24351057
2019-06-10 00:00:00+00:00,7635.05,9388.0,7516.9,8975.0,84492.73928636
2019-06-17 00:00:00+00:00,8975.78,11284.44,8919.72,10833.02,139078.6166732
2019-06-24 00:00:00+00:00,10833.0,13868.44,10300.0,10761.26,299874.89097129
2019-07-01 00:00:00+00:00,10761.26,12064.26,9651.0,11474.42,191902.29020528
2019-07-08 00:00:00+00:00,11474.44,13202.63,10084.4,10185.03,189324.61522719
2019-07-15 00:00:00+00:00,10190.91,11112.31,9071.0,10590.7,196171.50367281
2019-07-22 00:00:00+00:00,10590.71,10688.14,9108.88,9533.0,105191.03704687
2019-07-29 00:00:00+00:00,9533.0,11089.74,9356.75,10977.51,82372.51162864
2019-08-05 00:00:00+00:00,10977.98,12320.4,10977.98,11540.76,118107.1987216
2019-08-12 00:00:00+00:00,11540.76,11555.55,9470.0,10315.48,105060.40687053
2019-08-19 00:00:00+00:00,10315.48,10953.0,9759.0,10138.72,74087.7526167
2019-08-26 00:00:00+00:00,10142.0,10680.0,9321.73,9766.52,70690.63802255
2019-09-02 00:00:00+00:00,9766.62,10939.34,9756.54,10398.97,71954.91682869
2019-09-09 00:00:00+00:00,10401.13,10541.75,9851.97,10304.46,47967.55374562
2019-09-16 00:00:00+00:00,10303.66,10379.98,9585.86,10026.8,51258.36496206
2019-09-23 00:00:00+00:00,10026.79,10051.15,7712.45,8052.4,133377.92230991
2019-09-30 00:00:00+00:00,8054.09,8535.0,7701.0,7859.79,62444.11641219
2019-10-07 00:00:00+00:00,7859.79,8826.0,7762.35,8282.97,59589.28407852
2019-10-14 00:00:00+00:00,8282.96,8420.0,7814.08,8236.12,44493.22052789
2019-10-21 00:00:00+00:00,8235.94,10540.49,7296.44,9548.84,139445.61179246
2019-10-28 00:00:00+00:00,9555.89,9939.69,8950.0,9206.52,64194.84623719
2019-11-04 00:00:00+00:00,9206.52,9600.0,8660.0,9032.23,51884.25517329
2019-11-11 00:00:00+00:00,9032.23,9067.34,8361.0,8500.01,40824.04874282
2019-11-18 00:00:00+00:00,8501.0,8501.01,6775.47,6908.64,91568.53054381
2019-11-25 00:00:00+00:00,6908.64,7870.1,6526.0,7404.27,92528.33798286
2019-12-02 00:00:00+00:00,7405.33,7775.0,7080.0,7520.0,57403.74478121
2019-12-09 00:00:00+00:00,7520.0,7659.38,7006.01,7111.0,47327.91893774
2019-12-16 00:00:00+00:00,7111.0,7521.55,6430.0,7513.06,80463.83912003
2019-12-23 00:00:00+00:00,7514.74,7688.99,7053.32,7384.89,53577.39543471
2019-12-30 00:00:00+00:00,7384.57,7488.87,6854.67,7355.4,50205.62069436
2020-01-06 00:00:00+00:00,7355.4,8469.39,7343.17,8180.81,89931.03229813
2020-01-13 00:00:00+00:00,8180.81,9194.99,8041.95,8697.53,94263.31881457
2020-01-20 00:00:00+00:00,8697.53,8791.76,8216.71,8595.0,48729.57034359
2020-01-27 00:00:00+00:00,8595.0,9574.68,8556.6,9323.5,73722.99720811
2020-02-03 00:00:00+00:00,9325.01,10178.91,9078.05,10168.35,72307.58235
2020-02-10 00:00:00+00:00,10168.36,10522.51,9612.12,9921.0,90594.03685612
2020-02-17 00:00:00+00:00,9920.52,10315.0,9280.98,9965.01,66776.79665281
2020-02-24 00:00:00+00:00,9965.0,10030.0,8400.0,8522.31,83176.25318354
2020-03-02 00:00:00+00:00,8522.3,9214.67,8002.2,8037.76,64623.59508029
2020-03-09 00:00:00+00:00,8037.73,8187.03,3858.0,5345.35,377126.68593655
2020-03-16 00:00:00+00:00,5346.86,6990.0,4432.3,5818.25,321339.75612697
2020-03-23 00:00:00+00:00,5815.24,6983.31,5678.2,5877.21,188702.00997817
2020-03-30 00:00:00+00:00,5878.98,7292.11,5853.0,6778.25,116393.85618468
2020-04-06 00:00:00+00:00,6778.64,7466.0,6750.0,6908.13,119005.29796967
2020-04-13 00:00:00+00:00,6908.12,7308.0,6456.0,7130.71,111976.72982861
2020-04-20 00:00:00+00:00,7130.7,7775.0,6748.72,7706.4,99265.95751333
2020-04-27 00:00:00+00:00,7706.4,9478.66,7635.69,8909.95,169321.35643695
2020-05-04 00:00:00+00:00,8907.85,10079.0,8106.7,8729.86,197076.11575301
2020-05-11 00:00:00+00:00,8729.86,9943.93,8185.0,9676.63,159832.57529929
2020-05-18 00:00:00+00:00,9677.45,9957.25,8680.7,8715.73,111531.81631886
2020-05-25 00:00:00+00:00,8715.69,9764.0,8632.93,9446.57,78153.26914482
2020-06-01 00:00:00+00:00,9445.83,10428.0,9270.0,9750.12,109411.34635284
2020-06-08 00:00:00+00:00,9750.12,10018.67,9050.0,9325.0,79013.12446923
2020-06-15 00:00:00+00:00,9328.63,9592.04,8895.01,9286.14,62034.31544786
2020-06-22 00:00:00+00:00,9286.14,9792.0,8815.01,9113.24,71409.92620772
2020-06-29 00:00:00+00:00,9113.23,9297.2,8905.84,9074.39,51444.22413347
2020-07-06 00:00:00+00:00,9074.37,9475.0,9061.59,9303.37,50552.47860057
2020-07-13 00:00:00+00:00,9303.38,9339.61,9005.0,9212.87,46223.47314454
2020-07-20 00:00:00+00:00,9214.01,10150.0,9131.0,9941.0,67161.62097647
2020-07-27 00:00:00+00:00,9941.0,12134.29,9935.0,11068.54,160985.5063955
2020-08-03 00:00:00+00:00,11067.46,11920.0,10911.74,11688.48,99222.03755893
2020-08-10 00:00:00+00:00,11688.25,12086.22,11120.0,11918.84,106314.70453204
2020-08-17 00:00:00+00:00,11918.84,12486.61,11370.0,11650.01,96218.63966867
2020-08-24 00:00:00+00:00,11650.01,11823.62,11102.73,11716.01,65629.26614713
2020-08-31 00:00:00+00:00,11716.0,12086.0,9813.0,10257.86,130600.34080209999
2020-09-07 00:00:00+00:00,10258.67,10582.36,9819.83,10336.76,72785.54751594
2020-09-14 00:00:00+00:00,10336.76,11179.9,10253.0,10920.89,66438.29651674
2020-09-21 00:00:00+00:00,10920.94,10994.0,10135.22,10778.2,58834.66534266
2020-09-28 00:00:00+00:00,10779.0,10956.11,10363.76,10671.11,53288.32886517
2020-10-05 00:00:00+00:00,10670.01,11498.98,10524.0,11374.01,55661.66742956
2020-10-12 00:00:00+00:00,11374.01,11736.02,11187.6,11514.2,52756.85694284
2020-10-19 00:00:00+00:00,11514.2,13361.0,11416.04,13045.0,104538.07778847
2020-10-26 00:00:00+00:00,13045.02,14098.92,12785.0,13771.59,100494.85226128
2020-11-02 00:00:00+00:00,13771.7,15977.67,13215.0,15482.9,135477.16126357001
2020-11-09 00:00:00+00:00,15482.89,16491.92,14817.14,15966.89,102901.5582887
2020-11-16 00:00:00+00:00,15970.0,18980.0,15879.0,18437.66,135676.04979539
2020-11-23 00:00:00+00:00,18437.18,19500.0,16200.0,18202.04,158832.50100735
2020-11-30 00:00:00+00:00,18202.02,19915.14,18109.0,19375.6,118742.15942851
2020-12-07 00:00:00+00:00,19375.6,19432.57,17580.0,19166.65,95899.8903776
2020-12-14 00:00:00+00:00,19166.65,24300.0,18967.68,23476.51,171770.48448004998
2020-12-21 00:00:00+00:00,23476.51,28387.0,21913.84,26258.65,158381.08791092
2020-12-28 00:00:00+00:00,26255.16,34810.0,25833.73,33080.66,204767.41295925
2021-01-04 00:00:00+00:00,33082.84,41986.37,27678.0,38171.57,303830.39402344
2021-01-11 00:00:00+00:00,38168.89,40127.66,30100.0,35820.0,298672.81591653003
2021-01-18 00:00:00+00:00,35820.01,37857.0,28732.0,32288.56,189347.57932664
2021-01-25 00:00:00+00:00,32293.18,38570.13,29156.0,33137.74,239235.27898218
2021-02-01 00:00:00+00:00,33137.75,41000.0,32333.0,38871.42,162695.96556325
2021-02-08 00:00:00+00:00,38871.43,49700.0,38057.01,48680.69,187064.00600225
2021-02-15 00:00:00+00:00,48667.23,58367.0,45768.46,57489.16,147479.6709456
2021-02-22 00:00:00+00:00,57489.16,57577.69,43016.0,45231.75,255577.61003912
2021-03-01 00:00:00+00:00,45231.74,52666.0,45042.13,50978.61,138131.44285829
2021-03-08 00:00:00+00:00,50976.22,61788.45,49328.62,58972.7,150372.51798214
2021-03-15 00:00:00+00:00,58972.71,60601.07,53221.0,57363.32,138227.39095794
2021-03-22 00:00:00+00:00,57377.29,58421.68,50305.0,55778.82,130563.31489436999
2021-03-29 00:00:00+00:00,55781.22,60055.02,54900.0,58215.94,86804.02838068
2021-04-05 00:00:00+00:00,58216.73,61218.97,55400.0,59985.26,73611.6076841
2021-04-12 00:00:00+00:00,59983.66,64899.0,51300.0,56274.41,130752.67589419
2021-04-19 00:00:00+00:00,56273.65,57600.0,47044.01,49121.0,146726.16088225
2021-04-26 00:00:00+00:00,49121.0,58550.0,48817.62,56625.2,98009.97215579
2021-05-03 00:00:00+00:00,56625.21,59559.84,52913.02,58312.57,130688.66922775
2021-05-10 00:00:00+00:00,58313.84,59592.2,43825.0,46450.79,186584.03857164
2021-05-17 00:00:00+00:00,46450.78,46646.15,30000.0,34758.67,371487.79242250003
2021-05-24 00:00:00+00:00,34758.88,40900.0,33333.0,35669.44,195295.41659072
2021-05-31 00:00:00+00:00,35669.44,39489.82,34183.0,35800.48,103275.15988998
2021-06-07 00:00:00+00:00,35800.48,39396.0,31004.95,39015.24,144237.68704258
2021-06-14 00:00:00+00:00,39015.24,41322.55,33347.05,35585.78,131820.01137471
2021-06-21 00:00:00+00:00,35585.79,35741.54,28800.0,34709.23,188940.83518892
2021-06-28 00:00:00+00:00,34708.53,36675.0,32703.48,35284.05,86937.02271604999
2021-07-05 00:00:00+00:00,35284.06,35290.82,32111.0,34259.23,63723.0877112
2021-07-12 00:00:00+00:00,34259.22,34670.0,31025.42,31788.25,61960.74825333
2021-07-19 00:00:00+00:00,31786.37,35451.04,29301.56,35428.26,80748.50200855
2021-07-26 00:00:00+00:00,35428.25,42605.64,35251.54,39865.41,138317.25890299
2021-08-02 00:00:00+00:00,39859.18,45363.83,37300.0,43829.14,130081.94201722
2021-08-09 00:00:00+00:00,43829.15,48176.52,42821.3,47014.49,85690.33947773
2021-08-16 00:00:00+00:00,47014.38,49821.92,43955.0,49284.63,74492.33188987
2021-08-23 00:00:00+00:00,49284.38,50505.0,46315.48,48802.58,64588.07856493
2021-08-30 00:00:00+00:00,48802.58,51907.08,46537.62,51789.17,82216.54725941
2021-09-06 00:00:00+00:00,51789.17,52944.96,42830.77,46024.23,99424.43612369
2021-09-13 00:00:00+00:00,46027.8,48825.62,43465.0,47255.92,75204.53930253
2021-09-20 00:00:00+00:00,47253.71,47358.92,39600.0,43178.02,127697.97435188
2021-09-27 00:00:00+00:00,43172.17,49300.0,40750.12,48233.99,79073.09519776
2021-10-04 00:00:00+00:00,48233.99,56545.24,46916.7,54690.53,102367.87088544
2021-10-11 00:00:00+00:00,54683.09,62910.0,53873.78,61527.11,102188.246322
2021-10-18 00:00:00+00:00,61530.07,66999.0,59522.89,60854.48,112346.88418625
2021-10-25 00:00:00+00:00,60847.91,63726.58,57653.88,61343.68,91551.02456082
2021-11-01 00:00:00+00:00,61346.17,64300.0,59500.0,63309.13,71983.34676716
2021-11-08 00:00:00+00:00,63309.12,69000.0,62300.0,65505.02,87656.56034844
2021-11-15 00:00:00+00:00,65505.03,66339.9,55625.0,58671.21,115793.7147947
2021-11-22 00:00:00+00:00,58671.22,59526.51,53327.0,57317.17,94827.38660218
2021-11-29 00:00:00+00:00,57318.51,59249.77,42333.0,49484.22,141387.64845413
2021-12-06 00:00:00+00:00,49484.21,51995.0,46786.78,50089.64,103223.9327573
2021-12-13 00:00:00+00:00,50089.64,50218.42,45469.32,46687.19,108502.90844961
2021-12-20 00:00:00+00:00,46687.2,51878.6,45568.0,50801.79,82985.76147586
2021-12-27 00:00:00+00:00,50804.33,52100.0,45650.0,47299.07,117761.04710413
2022-01-03 00:00:00+00:00,47299.06,47583.33,40505.3,41876.52,125660.39799044
2022-01-10 00:00:00+00:00,41876.52,44453.22,39650.0,43104.34,102297.92740045
2022-01-17 00:00:00+00:00,43104.34,43511.99,34017.56,36282.47,156352.84446147
2022-01-24 00:00:00+00:00,36275.28,38960.0,32933.33,37901.35,157831.15719639
2022-01-31 00:00:00+00:00,37904.99,42719.93,36259.01,42415.16,103278.43406076
2022-02-07 00:00:00+00:00,42416.06,45855.0,41678.79,42074.99,107479.2549362
2022-02-14 00:00:00+00:00,42073.37,44775.96,38000.0,38389.03,90994.90356945
2022-02-21 00:00:00+00:00,38395.99,40300.5,34322.0,37717.08,145176.06029164
2022-02-28 00:00:00+00:00,37716.57,45426.45,37455.71,38408.38,127663.0211845
2022-03-07 00:00:00+00:00,38406.82,42597.84,37161.88,37793.01,113741.83949932
2022-03-14 00:00:00+00:00,37793.4,42429.0,37560.4,41287.24,100447.89964647
2022-03-21 00:00:00+00:00,41287.24,46950.0,40509.0,46850.01,103272.39029908
2022-03-28 00:00:00+00:00,46850.01,48240.0,44232.86,46422.16,99956.60214618
2022-04-04 00:00:00+00:00,46420.08,47200.0,41885.86,42165.96,88194.48498045
2022-04-11 00:00:00+00:00,42165.96,42424.14,39204.59,39683.54,68939.28913508
2022-04-18 00:00:00+00:00,39681.11,43109.47,38550.0,39464.56,85387.48985462
2022-04-25 00:00:00+00:00,39463.75,40817.16,37401.0,38473.05,108909.24834011
2022-05-02 00:00:00+00:00,38469.49,40038.27,33701.0,34027.91,148597.54357191
2022-05-09 00:00:00+00:00,34033.49,34231.54,25338.53,31290.05,309114.74697022
2022-05-16 00:00:00+00:00,31290.02,31293.31,28605.0,30260.87,155938.69747762
2022-05-23 00:00:00+00:00,30258.04,30635.39,28000.0,29447.07,121750.08207188
2022-05-30 00:00:00+00:00,29447.08,32383.96,29213.47,29901.54,118369.77575132
2022-06-06 00:00:00+00:00,29899.62,31745.0,26532.95,26555.2,128876.23591623
2022-06-13 00:00:00+00:00,26555.17,26869.35,17567.45,20552.44,336573.68507762003
2022-06-20 00:00:00+00:00,20552.39,21866.0,19603.8,21027.92,142090.89599095
2022-06-27 00:00:00+00:00,21024.85,21520.0,18603.0,19291.33,137251.48098254
2022-07-04 00:00:00+00:00,19291.35,22490.54,19029.33,20850.65,124447.65785126999
2022-07-11 00:00:00+00:00,20850.65,21667.1,18892.0,20791.74,131938.0194106
2022-07-18 00:00:00+00:00,20791.74,24287.13,20755.95,22583.43,167072.178146
2022-07-25 00:00:00+00:00,22583.37,24666.0,20715.0,23307.44,131164.78179876
2022-08-01 00:00:00+00:00,23307.44,23650.96,22392.88,23177.39,117608.30613471
2022-08-08 00:00:00+00:00,23180.26,25054.1,22666.23,24316.71,156326.89382162
2022-08-15 00:00:00+00:00,24316.58,25214.57,20760.93,21518.62,167793.18367206
2022-08-22 00:00:00+00:00,21514.45,21925.0,19513.74,19554.03,165011.51005275
2022-08-29 00:00:00+00:00,19552.31,20582.64,19540.14,20004.73,180483.53945481
2022-09-05 00:00:00+00:00,20003.85,21865.66,18527.0,21831.72,165592.44594661
2022-09-12 00:00:00+00:00,21830.16,22800.0,19305.0,19417.64,164878.75489331
2022-09-19 00:00:00+00:00,19417.56,19949.97,18153.13,18808.61,206675.40229669
2022-09-26 00:00:00+00:00,18806.3,20383.15,18487.0,19059.17,217994.47047065
2022-10-03 00:00:00+00:00,19059.1,20479.43,18958.29,19443.47,196065.56512828
2022-10-10 00:00:00+00:00,19442.7,19954.14,18131.0,19264.44,200449.8267979
2022-10-17 00:00:00+00:00,19261.62,19702.73,18659.0,19572.44,145810.27413306
2022-10-24 00:00:00+00:00,19572.2,21080.0,19159.35,20630.68,212769.3863069
2022-10-31 00:00:00+00:00,20629.21,21478.8,20032.02,20909.17,181182.69676984
2022-11-07 00:00:00+00:00,20908.15,21069.46,15512.0,16301.39,432340.81741643
2022-11-14 00:00:00+00:00,16298.75,17169.68,15790.25,16252.53,216543.31717364
2022-11-21 00:00:00+00:00,16252.43,16797.28,15460.0,16419.88,191253.57353619
2022-11-28 00:00:00+00:00,16421.63,17317.8,15992.64,17108.9,180693.83142314
2022-12-05 00:00:00+00:00,17108.9,17424.59,16679.52,17085.21,145266.84077743
2022-12-12 00:00:00+00:00,17085.62,18385.36,16529.53,16741.16,222785.83309224
2022-12-19 00:00:00+00:00,16742.33,17060.86,16273.4,16829.02,137726.66438003
2022-12-26 00:00:00+00:00,16829.19,16967.0,16326.16,16611.58,122024.93235405
2023-01-02 00:00:00+00:00,16611.9,17167.52,16542.52,17125.18,111124.7162862
2023-01-09 00:00:00+00:00,17125.17,21321.98,17102.97,20879.7,286341.98598373
2023-01-16 00:00:00+00:00,20879.67,23375.6,20370.01,22714.87,222861.33461278
2023-01-23 00:00:00+00:00,22714.81,23966.0,22326.24,23745.8,195849.05145733
2023-01-30 00:00:00+00:00,23744.34,24262.18,22500.0,22936.34,118052.35059101
2023-02-06 00:00:00+00:00,22936.34,23451.01,21467.43,21789.8,72252.31706243
2023-02-13 00:00:00+00:00,21789.79,25256.83,21366.45,24281.31,120308.05478408
2023-02-20 00:00:00+00:00,24278.81,25288.88,22520.0,23556.83,97645.32273909
2023-02-27 00:00:00+00:00,23556.83,23999.99,21988.02,22432.69,72279.75525711
2023-03-06 00:00:00+00:00,22431.99,22599.99,19568.52,22219.08,125924.07584827
2023-03-13 00:00:00+00:00,22216.02,28478.0,21882.63,28054.46,209383.8969573
2023-03-20 00:00:00+00:00,28058.15,28937.73,26678.16,27992.9,142296.08496937
2023-03-27 00:00:00+00:00,27995.27,29190.04,26525.0,28188.34,102668.77294788
2023-04-03 00:00:00+00:00,28188.34,28799.99,27227.61,28340.99,70651.05376195
2023-04-10 00:00:00+00:00,28342.28,31050.0,28162.49,30326.09,93366.41166921
2023-04-17 00:00:00+00:00,30321.41,30500.0,27133.0,27592.98,97505.36758123
2023-04-24 00:00:00+00:00,27592.7,30050.66,26965.14,29247.14,106149.76082351
2023-05-01 00:00:00+00:00,29240.49,29850.0,27664.31,28474.53,86346.7649148
2023-05-08 00:00:00+00:00,28472.68,28676.38,25810.0,26929.98,84411.90642457
2023-05-15 00:00:00+00:00,26929.98,27678.73,26361.52,26752.65,65262.91508701
2023-05-22 00:00:00+00:00,26751.0,28277.56,25864.35,28070.04,72516.6549354
2023-05-29 00:00:00+00:00,28070.04,28473.93,26508.0,27122.04,70380.94738929
2023-06-05 00:00:00+00:00,27122.03,27402.79,25351.92,25937.02,95586.15515435
2023-06-12 00:00:00+00:00,25936.98,26783.2,24750.0,26336.46,87045.37230409
2023-06-19 00:00:00+00:00,26336.46,31443.67,26250.0,30480.24,124059.36784658
2023-06-26 00:00:00+00:00,30480.24,31277.0,29417.14,30613.51,80996.195028
2023-07-03 00:00:00+00:00,30613.57,31525.1,29715.87,30168.38,63515.77587325
2023-07-10 00:00:00+00:00,30168.26,31862.21,29920.31,30247.64,90227.36793495
2023-07-17 00:00:00+00:00,30247.56,30421.29,29525.0,30081.61,57799.07147059
2023-07-24 00:00:00+00:00,30081.61,30099.99,28850.0,29281.39,52973.79194444
2023-07-31 00:00:00+00:00,29280.41,30033.0,28477.0,29040.01,65676.14687776
2023-08-07 00:00:00+00:00,29040.01,30222.0,28660.53,29275.94,52362.11066583
2023-08-14 00:00:00+00:00,29275.78,29665.27,25234.76,26189.14,82360.68270526
2023-08-21 00:00:00+00:00,26189.36,26818.28,25350.0,26091.16,62960.39456375
2023-08-28 00:00:00+00:00,26091.16,28184.89,25307.37,25969.83,73359.52554709
2023-09-04 00:00:00+00:00,25969.83,26460.41,25358.0,25831.76,48683.82399981
2023-09-11 00:00:00+00:00,25831.77,26892.65,24900.0,26530.95,72952.6735108
2023-09-18 00:00:00+00:00,26530.96,27500.0,26118.86,26250.24,71020.13144312
2023-09-25 00:00:00+00:00,26248.17,28062.62,25983.78,27995.46,76751.82993474
2023-10-02 00:00:00+00:00,27995.46,28613.37,27160.47,27933.55,84373.81159467
2023-10-09 00:00:00+00:00,27933.54,28003.7,26521.32,27186.13,62529.11268261
2023-10-16 00:00:00+00:00,27186.13,30369.0,27135.92,30004.15,107312.68289432
2023-10-23 00:00:00+00:00,30004.14,35157.23,29890.89,34534.48,130069.39852576
2023-10-30 00:00:00+00:00,34534.48,35997.8,34038.79,35035.42,73669.99484696
2023-11-06 00:00:00+00:00,35035.79,37999.0,34530.67,37086.03,86073.99867699
2023-11-13 00:00:00+00:00,37086.5,37987.0,34758.64,37391.19,85003.12894035
2023-11-20 00:00:00+00:00,37389.06,38454.0,35633.0,37462.79,86958.40842963
2023-11-27 00:00:00+00:00,37462.01,40221.22,36715.1,39984.81,86000.63609152
2023-12-04 00:00:00+00:00,39984.81,45000.0,39983.6,43793.68,98012.65652708
2023-12-11 00:00:00+00:00,43793.67,43811.81,40150.0,41349.59,92998.91205506
2023-12-18 00:00:00+00:00,41349.59,44424.36,40508.01,43025.03,79031.99568632
2023-12-25 00:00:00+00:00,43025.02,43830.34,41300.0,42288.06,84099.98859299
2024-01-01 00:00:00+00:00,42288.58,45925.82,40625.68,43950.28,117732.65850115
2024-01-08 00:00:00+00:00,43954.52,49102.29,41444.97,41697.33,193133.48844183
2024-01-15 00:00:00+00:00,41698.13,43569.23,40236.49,41554.05,101249.61046019
2024-01-22 00:00:00+00:00,41553.92,42839.07,38501.0,42034.59,106355.88961393
2024-01-29 00:00:00+00:00,42034.57,43872.99,41787.35,42568.55,72860.90529209
2024-02-05 00:00:00+00:00,42571.91,48614.0,42235.0,48316.3,81436.70735555999
2024-02-12 00:00:00+00:00,48321.14,52890.0,47715.67,52153.63,100932.43651282
2024-02-19 00:00:00+00:00,52153.63,53000.0,50513.01,51731.0,67482.97176696
2024-02-26 00:00:00+00:00,51730.96,64100.0,50901.23,63154.49,175198.65895144
2024-03-04 00:00:00+00:00,63155.74,70199.0,59224.68,69032.12,217977.91236657
2024-03-11 00:00:00+00:00,69032.8,73835.57,64505.0,68343.64,186795.96163961
2024-03-18 00:00:00+00:00,68354.29,68933.71,60771.14,67204.93,149022.66692418
2024-03-25 00:00:00+00:00,67212.69,71789.85,66381.84,71288.9,86906.11402282
2024-04-01 00:00:00+00:00,71291.5,71313.8,64500.0,69350.34,95811.50965794
2024-04-08 00:00:00+00:00,69350.36,72777.0,60822.01,65777.05,132111.647961
2024-04-15 00:00:00+00:00,65764.56,66928.82,59573.32,64952.92,108927.98807745
2024-04-22 00:00:00+00:00,64952.92,67272.73,62389.0,63108.94,68037.16870183
2024-04-29 00:00:00+00:00,63109.76,64727.81,56500.0,64023.45,98867.11584551
2024-05-06 00:00:00+00:00,64023.45,65523.44,60150.0,61453.02,52627.36505183
2024-05-13 00:00:00+00:00,61453.01,67701.91,60738.51,66261.62,75617.21412688
2024-05-20 00:00:00+00:00,66260.04,71980.0,66057.03,68473.72,76661.0818788
2024-05-27 00:00:00+00:00,68470.8,70613.39,66584.47,67735.52,53809.41931156
2024-06-03 00:00:00+00:00,67731.14,71974.04,67568.0,69637.87,65993.75899529
2024-06-10 00:00:00+00:00,69641.08,70187.53,65005.0,66628.75,68142.18800056
2024-06-17 00:00:00+00:00,66629.38,67274.96,63125.75,63171.43,58926.26599287
2024-06-24 00:00:00+00:00,63169.36,63343.91,58414.28,62668.26,77386.07738575
2024-07-01 00:00:00+00:00,62669.14,63801.26,53499.9,55854.09,92874.078469
2024-07-08 00:00:00+00:00,55852.61,61428.67,54278.93,60808.42,74758.05844965
2024-07-15 00:00:00+00:00,60804.97,68380.0,60666.59,68181.28,79441.28691954
2024-07-22 00:00:00+00:00,68181.16,69418.15,63412.46,68244.3,63844.71978813
2024-07-29 00:00:00+00:00,68244.3,70000.0,57123.0,58130.95,80726.56875377
2024-08-05 00:00:00+00:00,58131.31,62755.24,49050.01,58722.49,130574.84313354999
2024-08-12 00:00:00+00:00,58717.44,61827.2,56120.0,58437.9,69552.37059912
2024-08-19 00:00:00+00:00,58436.2,65050.08,57820.0,64251.93,69476.14871837
2024-08-26 00:00:00+00:00,64250.01,64509.36,57200.0,57299.0,61034.38766191
2024-09-02 00:00:00+00:00,57291.21,59825.7,52530.0,54881.11,64044.75566043
2024-09-09 00:00:00+00:00,54881.1,60670.0,54565.56,59122.33,57549.5163447
2024-09-16 00:00:00+00:00,59122.7,64140.67,57477.0,63577.66,61382.57545039
2024-09-23 00:00:00+00:00,63580.39,66550.0,62566.28,65600.01,49652.75045869
2024-09-30 00:00:00+00:00,65600.01,65624.95,59824.87,62810.86,54953.13430384
2024-10-07 00:00:00+00:00,62810.93,64467.02,58863.9,62845.3,52974.93835653
2024-10-14 00:00:00+00:00,62847.89,69380.0,62426.67,69014.86,66645.21243964
2024-10-21 00:00:00+00:00,69014.87,69498.0,65149.51,67943.19,58116.3380747
2024-10-28 00:00:00+00:00,67943.18,73624.98,67444.0,68738.18,89285.49930567
2024-11-04 00:00:00+00:00,68736.4,81534.28,66783.77,80428.92,132572.3753089
2024-11-11 00:00:00+00:00,80427.69,93495.0,80277.34,89886.69,173974.28729971
2024-11-18 00:00:00+00:00,89877.11,99860.0,89372.65,98028.18,137788.93225654
2024-11-25 00:00:00+00:00,98032.06,98999.0,90682.58,97263.18,79446.7379334
2024-12-02 00:00:00+00:00,97259.17,104000.0,92055.86,101174.99,114187.97430796
2024-12-09 00:00:00+00:00,101175.0,105100.0,94220.8,104447.76,102016.08653276
2024-12-16 00:00:00+00:00,104445.15,108388.88,92115.66,95087.75,113538.802701
2024-12-23 00:00:00+00:00,95091.15,99887.0,92360.91,93563.35,62799.27799097
2024-12-30 00:00:00+00:00,93563.35,98969.92,91271.19,98345.33,57545.985961239996
2025-01-06 00:00:00+00:00,98347.65,102735.99,91187.0,94509.62,72954.06869242
2025-01-13 00:00:00+00:00,94507.24,106314.44,89028.64,101211.13,91894.9730921
2025-01-20 00:00:00+00:00,101217.78,109358.01,99416.27,102563.0,108450.51477696
2025-01-27 00:00:00+00:00,102565.28,106484.77,96179.0,97676.52,84670.81424465
2025-02-03 00:00:00+00:00,97676.53,102599.85,91178.01,96475.82,82537.11655755
2025-02-10 00:00:00+00:00,96481.47,98890.11,94066.92,96119.88,41540.37686367
2025-02-17 00:00:00+00:00,96119.88,99517.52,93333.0,96265.98,60338.81665337
2025-02-24 00:00:00+00:00,96266.23,96515.41,78167.81,94265.48,136996.58684155
2025-03-03 00:00:00+00:00,94265.47,94415.61,80000.0,80699.17,111752.31067722
2025-03-10 00:00:00+00:00,80708.21,85318.61,76555.0,82562.57,78844.77700546
2025-03-17 00:00:00+00:00,82562.5,87492.87,81125.0,86092.94,49872.58095231
2025-03-24 00:00:00+00:00,86092.95,88804.64,81538.88,82379.98,52750.06691041
2025-03-31 00:00:00+00:00,82379.98,88530.0,77058.99,78370.75,73012.43716974
2025-04-07 00:00:00+00:00,78370.15,86092.99,74420.69,83733.07,94925.96440012
2025-04-14 00:00:00+00:00,83733.07,86491.4,83088.02,85177.34,33200.75934913
2025-04-21 00:00:00+00:00,85177.33,95976.34,85135.98,93780.57,72630.54385958
2025-04-28 00:00:00+00:00,93780.56,97948.56,92829.44,94272.55,38795.34144368
2025-05-05 00:00:00+00:00,94272.54,104997.0,93363.28,104137.62,48531.49762066
2025-05-12 00:00:00+00:00,104137.58,106692.97,100703.71,106473.46,47786.22752308
2025-05-19 00:00:00+00:00,106488.77,112000.0,102105.0,109048.68,63739.60248987
2025-05-26 00:00:00+00:00,109048.41,110829.42,103110.01,105697.94,41887.93534153
2025-06-02 00:00:00+00:00,105697.93,106901.68,100345.73,105784.4,43254.94612671
2025-06-09 00:00:00+00:00,105784.41,110651.12,102746.01,105599.25,33773.74445488
2025-06-16 00:00:00+00:00,105600.21,109000.0,98225.01,100996.87,37046.54064646
2025-06-23 00:00:00+00:00,100996.87,108550.0,99677.07,108386.44,36350.0214153
2025-06-30 00:00:00+00:00,108386.44,110590.0,105119.7,109217.98,30715.70186972
2025-07-07 00:00:00+00:00,109217.98,119500.0,107438.33,119130.81,44820.22536513
2025-07-14 00:00:00+00:00,119130.81,123231.07,115697.37,117312.7,67814.54474915
2025-07-21 00:00:00+00:00,117315.68,120300.0,114750.0,119465.52,62285.48155696
2025-07-28 00:00:00+00:00,119465.52,119839.0,111903.68,114215.73,37369.17921146
2025-08-04 00:00:00+00:00,114215.7,119324.08,112622.14,119309.37,30191.87825962
2025-08-11 00:00:00+00:00,119309.37,124533.0,116859.32,117488.6,39297.31330514
2025-08-18 00:00:00+00:00,117488.59,117633.8,110635.0,113478.0,41875.36196815
2025-08-25 00:00:00+00:00,113478.0,113645.32,107369.69,108247.95,39370.76296228
2025-09-01 00:00:00+00:00,108247.95,113390.0,107250.0,111129.61,33740.89307684
2025-09-08 00:00:00+00:00,111120.38,116833.25,110600.0,115314.13,33777.20417193
2025-09-15 00:00:00+00:00,115314.12,117998.17,114395.84,115282.27,37222.96619062
2025-09-22 00:00:00+00:00,115282.26,115441.37,108623.7,112197.67,38310.36907232
2025-09-29 00:00:00+00:00,112197.66,125750.0,111582.65,123520.79,49462.68044524
2025-10-06 00:00:00+00:00,123520.8,126296.0,107000.0,115067.98,73716.51126655
2025-10-13 00:00:00+00:00,115067.96,116077.51,103516.75,108676.78,64554.53315024
2025-10-20 00:00:00+00:00,108676.77,115542.0,106639.0,114548.09,46571.80025821
2025-10-27 00:00:00+00:00,114561.69,116410.06,106279.33,110536.01,37769.71606216
2025-11-03 00:00:00+00:00,110533.83,110749.0,98892.97,104694.95,65935.89295614
2025-11-10 00:00:00+00:00,104694.23,107482.0,92943.83,94183.97,65039.16703014
2025-11-17 00:00:00+00:00,94182.03,95950.0,80524.65,86808.28,112330.60408656
2025-11-24 00:00:00+00:00,86808.28,93161.86,85213.17,90369.51,61142.71733543
2025-12-01 00:00:00+00:00,90364.0,94181.41,83800.0,90402.29,61166.09556452
2025-12-08 00:00:00+00:00,90402.3,94640.66,87565.38,88171.61,45872.74657174
2025-12-15 00:00:00+00:00,88174.37,90336.36,84400.0,88639.95,49681.1866187
2025-12-22 00:00:00+00:00,88639.87,90541.8,86350.0,87877.29,36268.41950513
2025-12-29 00:00:00+00:00,87877.28,91764.64,86675.0,91494.0,47993.26994193
2026-01-05 00:00:00+00:00,91489.03,94825.27,89200.0,90872.01,54920.53107848
2026-01-12 00:00:00+00:00,90878.51,97963.62,90003.46,93633.53,68803.12442806
2026-01-19 00:00:00+00:00,93630.0,93630.0,86000.13,86561.94,50354.68951885
2026-01-26 00:00:00+00:00,86561.94,90476.81,75612.75,76895.53,77825.94683402
2026-02-02 00:00:00+00:00,76895.99,79339.0,60001.0,70279.33,169949.57672881
2026-02-09 00:00:00+00:00,70279.32,71380.13,65065.47,68792.0,79714.58060286
2026-02-16 00:00:00+00:00,68792.0,70089.99,65604.63,67617.98,51842.09945913
2026-02-23 00:00:00+00:00,67616.01,70020.0,62534.61,65769.0,83598.1744129
2026-03-02 00:00:00+00:00,65771.56,74100.0,65250.12,70922.52,62872.15587193
