impulse_id,origin_time,origin_price,extreme_time,extreme_price,delta_t,delta_p,slope_raw,slope_log,quality_score,detector_name,direction,origin_bar_index,extreme_bar_index
pivot_n5_8,2015-07-28 00:00:00+00:00,298.0,2015-08-25 00:00:00+00:00,198.02,28,-99.97999999999999,-3.5707142857142853,-0.014597337528965562,0.025321381376442534,pivot_n5,down,8,36
pivot_n5_12,2015-08-01 00:00:00+00:00,277.26,2015-11-04 00:00:00+00:00,499.99,95,222.73000000000002,2.344526315789474,0.006206656885389044,0.03062458357999874,pivot_n5,up,12,107
pivot_n5_19,2015-08-08 00:00:00+00:00,260.07,2015-11-04 00:00:00+00:00,499.99,88,239.92000000000002,2.7263636363636365,0.0074276962803810275,0.03427507346424996,pivot_n5,up,19,107
pivot_n5_29,2015-08-18 00:00:00+00:00,200.0,2015-11-04 00:00:00+00:00,499.99,78,299.99,3.846025641025641,0.011747060662489133,0.04552110065167187,pivot_n5,up,29,107
pivot_n5_36,2015-08-25 00:00:00+00:00,198.02,2015-11-04 00:00:00+00:00,499.99,71,301.97,4.253098591549296,0.013045352993349583,0.04802727015402789,pivot_n5,up,36,107
pivot_n5_39,2015-08-28 00:00:00+00:00,236.18,2015-09-22 00:00:00+00:00,224.45,25,-11.730000000000018,-0.4692000000000007,-0.0020376504378077816,0.003143990936759781,pivot_n5,down,39,64
pivot_n5_50,2015-09-08 00:00:00+00:00,247.82,2015-09-22 00:00:00+00:00,224.45,14,-23.370000000000005,-1.6692857142857147,-0.007074979354314696,0.008370433919272932,pivot_n5,down,50,64
pivot_n5_58,2015-09-16 00:00:00+00:00,226.85,2015-11-04 00:00:00+00:00,499.99,49,273.14,5.574285714285714,0.01612855290024931,0.052292636978843336,pivot_n5,up,58,107
pivot_n5_64,2015-09-22 00:00:00+00:00,224.45,2015-11-04 00:00:00+00:00,499.99,43,275.54,6.4079069767441865,0.0186263984417267,0.056312356798769586,pivot_n5,up,64,107
pivot_n5_71,2015-09-29 00:00:00+00:00,241.05,2015-09-30 00:00:00+00:00,236.26,1,-4.7900000000000205,-4.7900000000000205,-0.02007148733125749,0.006419316533281923,pivot_n5,down,71,72
pivot_n5_107,2015-11-04 00:00:00+00:00,499.99,2015-11-11 00:00:00+00:00,293.32,7,-206.67000000000002,-29.524285714285718,-0.07618913357094148,0.10468433464831725,pivot_n5,down,107,114
pivot_n5_114,2015-11-11 00:00:00+00:00,293.32,2016-05-29 00:00:00+00:00,549.99,200,256.67,1.28335,0.003143179665087224,0.024322790013206367,pivot_n5,up,114,314
pivot_n5_123,2015-11-20 00:00:00+00:00,311.23,2016-06-04 00:00:00+00:00,594.64,197,283.40999999999997,1.4386294416243652,0.0032864162016792097,0.027060469953992524,pivot_n5,up,123,320
pivot_n5_135,2015-12-02 00:00:00+00:00,347.55,2016-06-18 00:00:00+00:00,785.15,199,437.59999999999997,2.198994974874372,0.004095307752685768,0.041572300011277055,pivot_n5,up,135,334
pivot_n5_145,2015-12-12 00:00:00+00:00,469.34,2016-01-16 00:00:00+00:00,350.92,35,-118.41999999999996,-3.38342857142857,-0.008307690720979023,0.02682528299085611,pivot_n5,down,145,180
pivot_n5_152,2015-12-19 00:00:00+00:00,465.6,2016-01-16 00:00:00+00:00,350.92,28,-114.68,-4.095714285714286,-0.01009887925560875,0.029044369036311565,pivot_n5,down,152,180
pivot_n5_159,2015-12-26 00:00:00+00:00,410.0,2016-06-18 00:00:00+00:00,785.15,175,375.15,2.1437142857142857,0.0037126721293291964,0.038004865866663004,pivot_n5,up,159,334
pivot_n5_172,2016-01-08 00:00:00+00:00,464.4,2016-01-16 00:00:00+00:00,350.92,8,-113.47999999999996,-14.184999999999995,-0.03502349657044415,0.05376846165696531,pivot_n5,down,172,180
pivot_n5_180,2016-01-16 00:00:00+00:00,350.92,2016-06-18 00:00:00+00:00,785.15,154,434.22999999999996,2.8196753246753246,0.005229327955005063,0.04689351008019715,pivot_n5,up,180,334
pivot_n5_193,2016-01-29 00:00:00+00:00,363.25,2016-06-18 00:00:00+00:00,785.15,141,421.9,2.9921985815602836,0.005466549502699082,0.04761603696679636,pivot_n5,up,193,334
pivot_n5_199,2016-02-04 00:00:00+00:00,390.63,2016-02-11 00:00:00+00:00,360.0,7,-30.629999999999995,-4.3757142857142854,-0.011665255565512992,0.015514981227454186,pivot_n5,down,199,206
pivot_n5_206,2016-02-11 00:00:00+00:00,360.0,2016-06-18 00:00:00+00:00,785.15,128,425.15,3.321484375,0.006091958991256305,0.05036055136028113,pivot_n5,up,206,334
pivot_n5_216,2016-02-21 00:00:00+00:00,448.7,2016-03-05 00:00:00+00:00,381.09,13,-67.61000000000001,-5.2007692307692315,-0.012562995790650667,0.025130002825563182,pivot_n5,down,216,229
pivot_n5_219,2016-02-24 00:00:00+00:00,410.0,2016-06-18 00:00:00+00:00,785.15,115,375.15,3.262173913043478,0.005649718457674864,0.04688234303482571,pivot_n5,up,219,334
pivot_n5_224,2016-02-29 00:00:00+00:00,442.0,2016-03-05 00:00:00+00:00,381.09,5,-60.910000000000025,-12.182000000000006,-0.029654862874843833,0.03650538011922873,pivot_n5,down,224,229
pivot_n5_229,2016-03-05 00:00:00+00:00,381.09,2016-06-18 00:00:00+00:00,785.15,105,404.06,3.848190476190476,0.006884182996452226,0.05284507122807173,pivot_n5,up,229,334
pivot_n5_236,2016-03-12 00:00:00+00:00,421.3,2016-03-18 00:00:00+00:00,399.21,6,-22.090000000000032,-3.681666666666672,-0.008976262460201697,0.012085743374645465,pivot_n5,down,236,242
pivot_n5_242,2016-03-18 00:00:00+00:00,399.21,2016-06-18 00:00:00+00:00,785.15,92,385.94,4.195,0.007352034653339152,0.05392363451711414,pivot_n5,up,242,334
pivot_n5_251,2016-03-27 00:00:00+00:00,426.5,2016-03-30 00:00:00+00:00,407.56,3,-18.939999999999998,-6.313333333333333,-0.015141401941883069,0.014654554654250609,pivot_n5,down,251,254
pivot_n5_254,2016-03-30 00:00:00+00:00,407.56,2016-06-18 00:00:00+00:00,785.15,80,377.59,4.719875,0.008196082765310978,0.05657554785429145,pivot_n5,up,254,334
pivot_n5_264,2016-04-09 00:00:00+00:00,415.51,2016-06-18 00:00:00+00:00,785.15,70,369.64,5.280571428571428,0.009090972870519807,0.05920838554726313,pivot_n5,up,264,334
pivot_n5_280,2016-04-25 00:00:00+00:00,472.38,2016-04-27 00:00:00+00:00,434.0,2,-38.379999999999995,-19.189999999999998,-0.042369606162012956,0.03636999574188102,pivot_n5,down,280,282
pivot_n5_282,2016-04-27 00:00:00+00:00,434.0,2016-06-18 00:00:00+00:00,785.15,52,351.15,6.752884615384615,0.011400581696741498,0.06525958062562127,pivot_n5,up,282,334
pivot_n5_294,2016-05-09 00:00:00+00:00,465.9,2016-05-19 00:00:00+00:00,435.0,10,-30.899999999999977,-3.0899999999999976,-0.00686249877340669,0.013095188583350266,pivot_n5,down,294,304
pivot_n5_304,2016-05-19 00:00:00+00:00,435.0,2016-06-18 00:00:00+00:00,785.15,30,350.15,11.671666666666665,0.01968429170807596,0.08567355357243435,pivot_n5,up,304,334
pivot_n5_320,2016-06-04 00:00:00+00:00,594.64,2016-06-07 00:00:00+00:00,475.0,3,-119.63999999999999,-39.879999999999995,-0.07488045879413226,0.09256974228271082,pivot_n5,down,320,323
pivot_n5_323,2016-06-07 00:00:00+00:00,475.0,2016-12-23 00:00:00+00:00,918.5,199,443.5,2.228643216080402,0.00331370402321879,0.04213280405621886,pivot_n5,up,323,522
pivot_n5_334,2016-06-18 00:00:00+00:00,785.15,2016-08-02 00:00:00+00:00,483.0,45,-302.15,-6.714444444444444,-0.010796847303964225,0.06036283370560365,pivot_n5,down,334,379
pivot_n5_339,2016-06-23 00:00:00+00:00,544.13,2017-01-05 00:00:00+00:00,1175.0,196,630.87,3.2187244897959184,0.003927730804505124,0.060390012248009994,pivot_n5,up,339,535
pivot_n5_349,2016-07-03 00:00:00+00:00,705.25,2016-08-02 00:00:00+00:00,483.0,30,-222.25,-7.408333333333333,-0.012617856540984431,0.05437940106089829,pivot_n5,down,349,379
pivot_n5_355,2016-07-09 00:00:00+00:00,608.0,2017-01-05 00:00:00+00:00,1175.0,180,567.0,3.15,0.0036602696922894023,0.056636979498721284,pivot_n5,up,355,535
pivot_n5_364,2016-07-18 00:00:00+00:00,684.94,2016-08-02 00:00:00+00:00,483.0,15,-201.94000000000005,-13.46266666666667,-0.02328763930216267,0.06987631598023893,pivot_n5,down,364,379
pivot_n5_379,2016-08-02 00:00:00+00:00,483.0,2017-01-05 00:00:00+00:00,1175.0,156,692.0,4.435897435897436,0.005698761364908248,0.07425010513299711,pivot_n5,up,379,535
pivot_n5_387,2016-08-10 00:00:00+00:00,601.09,2016-08-15 00:00:00+00:00,561.56,5,-39.530000000000086,-7.9060000000000175,-0.013605209727191278,0.023691638090840815,pivot_n5,down,387,392
pivot_n5_392,2016-08-15 00:00:00+00:00,561.56,2017-03-02 00:00:00+00:00,1298.61,199,737.05,3.703768844221105,0.004212719173576047,0.07002025530921333,pivot_n5,up,392,591
pivot_n5_399,2016-08-22 00:00:00+00:00,586.99,2016-09-01 00:00:00+00:00,568.12,10,-18.870000000000005,-1.8870000000000005,-0.00326751198949309,0.00799696467857022,pivot_n5,down,399,409
pivot_n5_409,2016-09-01 00:00:00+00:00,568.12,2017-03-10 00:00:00+00:00,1360.0,190,791.88,4.167789473684211,0.004594249024827212,0.07699027157767314,pivot_n5,up,409,599
pivot_n5_416,2016-09-08 00:00:00+00:00,631.3,2016-09-11 00:00:00+00:00,591.8,3,-39.5,-13.166666666666666,-0.021537481802490224,0.030562561184947157,pivot_n5,down,416,419
pivot_n5_419,2016-09-11 00:00:00+00:00,591.8,2017-03-10 00:00:00+00:00,1360.0,180,768.2,4.267777777777778,0.004622617993133269,0.07673461666828517,pivot_n5,up,419,599
pivot_n5_427,2016-09-19 00:00:00+00:00,612.46,2016-09-21 00:00:00+00:00,592.63,2,-19.83000000000004,-9.91500000000002,-0.01645668796930261,0.018791480342926062,pivot_n5,down,427,429
pivot_n5_429,2016-09-21 00:00:00+00:00,592.63,2017-03-10 00:00:00+00:00,1360.0,170,767.37,4.513941176470588,0.004886292473557691,0.07887395777174563,pivot_n5,up,429,599
pivot_n5_439,2016-10-01 00:00:00+00:00,617.19,2017-04-15 00:00:00+00:00,0.06,196,-617.1300000000001,-3.148622448979592,-0.047135651198542274,0.05907475115097312,pivot_n5,down,439,635
pivot_n5_449,2016-10-11 00:00:00+00:00,647.03,2017-04-15 00:00:00+00:00,0.06,186,-646.97,-3.4783333333333335,-0.04992367407547099,0.06357420652734738,pivot_n5,down,449,635
pivot_n5_472,2016-11-03 00:00:00+00:00,746.16,2017-04-15 00:00:00+00:00,0.06,163,-746.1,-4.5773006134969325,-0.05784264276796714,0.07831708517755506,pivot_n5,down,472,635
pivot_n5_472,2016-11-03 00:00:00+00:00,672.06,2017-05-22 00:00:00+00:00,2298.0,200,1625.94,8.1297,0.006147234180784989,0.15407876726564368,pivot_n5,up,472,672
pivot_n5_478,2016-11-09 00:00:00+00:00,747.26,2017-04-15 00:00:00+00:00,0.06,157,-747.2,-4.75923566878981,-0.06006257261297249,0.07991721016310961,pivot_n5,down,478,635
pivot_n5_484,2016-11-15 00:00:00+00:00,671.23,2017-05-25 00:00:00+00:00,2806.0,191,2134.77,11.176806282722513,0.00748902309131677,0.20700826481701873,pivot_n5,up,484,675
pivot_n5_489,2016-11-20 00:00:00+00:00,753.81,2017-04-15 00:00:00+00:00,0.06,146,-753.75,-5.162671232876712,-0.06464761002481788,0.08359959526981267,pivot_n5,down,489,635
pivot_n5_495,2016-11-26 00:00:00+00:00,726.0,2017-06-12 00:00:00+00:00,2999.99,198,2273.99,11.484797979797978,0.007165728381245262,0.21657545378173218,pivot_n5,up,495,693
pivot_n5_501,2016-12-02 00:00:00+00:00,780.0,2017-04-15 00:00:00+00:00,0.06,134,-779.94,-5.82044776119403,-0.07069182564510204,0.09029466115869297,pivot_n5,down,501,635
pivot_n5_535,2017-01-05 00:00:00+00:00,1175.0,2017-04-15 00:00:00+00:00,0.06,100,-1174.94,-11.749400000000001,-0.09882434143338296,0.1574595358583347,pivot_n5,down,535,635
pivot_n5_542,2017-01-12 00:00:00+00:00,734.64,2017-06-12 00:00:00+00:00,2999.99,151,2265.35,15.0023178807947,0.009317772523219145,0.24705867884302438,pivot_n5,up,542,693
pivot_n5_552,2017-01-22 00:00:00+00:00,946.25,2017-04-15 00:00:00+00:00,0.06,83,-946.19,-11.39987951807229,-0.11645683760857463,0.13918504854787914,pivot_n5,down,552,635
pivot_n5_554,2017-01-24 00:00:00+00:00,880.0,2017-08-12 00:00:00+00:00,3974.0,200,3094.0,15.47,0.00753803257819755,0.29319637005049476,pivot_n5,up,554,754
pivot_n5_570,2017-02-09 00:00:00+00:00,1079.0,2017-04-15 00:00:00+00:00,0.06,65,-1078.94,-16.599076923076925,-0.15072616433874111,0.1793469079185637,pivot_n5,down,570,635
pivot_n5_570,2017-02-09 00:00:00+00:00,925.0,2017-08-17 00:00:00+00:00,4469.0,189,3544.0,18.75132275132275,0.008334001118629768,0.34547457303708357,pivot_n5,up,570,759
pivot_n5_590,2017-03-01 00:00:00+00:00,1085.71,2017-09-02 00:00:00+00:00,4980.0,185,3894.29,21.050216216216217,0.008233490487436764,0.38370344891739094,pivot_n5,up,590,775
pivot_n5_591,2017-03-02 00:00:00+00:00,1298.61,2017-04-15 00:00:00+00:00,0.06,44,-1298.55,-29.5125,-0.22687410130466865,0.26235274704438954,pivot_n5,down,591,635
pivot_n5_599,2017-03-10 00:00:00+00:00,1360.0,2017-04-15 00:00:00+00:00,0.06,36,-1359.94,-37.77611111111111,-0.2785736304302815,0.30375383877075096,pivot_n5,down,599,635
pivot_n5_599,2017-03-10 00:00:00+00:00,956.85,2017-09-02 00:00:00+00:00,4980.0,176,4023.15,22.85880681818182,0.00937237801512855,0.40640886152694766,pivot_n5,up,599,775
pivot_n5_605,2017-03-16 00:00:00+00:00,1277.27,2017-04-15 00:00:00+00:00,0.06,30,-1277.21,-42.57366666666667,-0.332196366116332,0.3125035537862313,pivot_n5,down,605,635
pivot_n5_607,2017-03-18 00:00:00+00:00,919.44,2017-09-02 00:00:00+00:00,4980.0,168,4060.56,24.169999999999998,0.010056073696179734,0.41984073040588854,pivot_n5,up,607,775
pivot_n5_614,2017-03-25 00:00:00+00:00,890.05,2017-09-02 00:00:00+00:00,4980.0,161,4089.95,25.40341614906832,0.010695077820467434,0.43197472653976277,pivot_n5,up,614,775
pivot_n5_631,2017-04-11 00:00:00+00:00,1234.0,2017-04-15 00:00:00+00:00,0.06,4,-1233.94,-308.485,-2.4828567303063425,0.8268320921793176,pivot_n5,down,631,635
pivot_n5_635,2017-04-15 00:00:00+00:00,0.06,2017-11-01 00:00:00+00:00,6784.0,200,6783.94,33.9197,0.05817866447115888,0.6428657345314652,pivot_n5,up,635,835
pivot_n5_661,2017-05-11 00:00:00+00:00,1889.0,2017-05-13 00:00:00+00:00,1610.0,2,-279.0,-139.5,-0.07990670476150043,0.26438845263118305,pivot_n5,down,661,663
pivot_n5_675,2017-05-25 00:00:00+00:00,2806.0,2017-07-16 00:00:00+00:00,1758.2,52,-1047.8,-20.15,-0.008989796600871692,0.1947287158750562,pivot_n5,down,675,727
pivot_n5_677,2017-05-27 00:00:00+00:00,1913.19,2017-12-07 00:00:00+00:00,19697.0,194,17783.81,91.66912371134022,0.012019042958341697,1.0,pivot_n5,up,677,871
pivot_n5_693,2017-06-12 00:00:00+00:00,2999.99,2017-07-16 00:00:00+00:00,1758.2,34,-1241.7899999999997,-36.52323529411764,-0.015715246967478808,0.2854052629222846,pivot_n5,down,693,727
pivot_n5_696,2017-06-15 00:00:00+00:00,2050.0,2017-12-17 00:00:00+00:00,19891.99,185,17841.99,96.4431891891892,0.012283661324256163,1.0,pivot_n5,up,696,881
pivot_n5_702,2017-06-21 00:00:00+00:00,2781.59,2017-07-16 00:00:00+00:00,1758.2,25,-1023.3900000000001,-40.9356,-0.018349285928676178,0.2742991376616017,pivot_n5,down,702,727
pivot_n5_707,2017-06-26 00:00:00+00:00,2258.34,2017-12-17 00:00:00+00:00,19891.99,174,17633.65,101.34281609195403,0.01250394889663729,1.0,pivot_n5,up,707,881
pivot_n5_715,2017-07-04 00:00:00+00:00,2636.1,2017-07-16 00:00:00+00:00,1758.2,12,-877.8999999999999,-73.15833333333332,-0.03375083281273574,0.33963129701601397,pivot_n5,down,715,727
pivot_n5_727,2017-07-16 00:00:00+00:00,1758.2,2017-12-17 00:00:00+00:00,19891.99,154,18133.79,117.75188311688312,0.015753419348719256,1.0,pivot_n5,up,727,881
pivot_n5_731,2017-07-20 00:00:00+00:00,2957.0,2017-07-26 00:00:00+00:00,2403.0,6,-554.0,-92.33333333333333,-0.03457621401933472,0.3031010334791117,pivot_n5,down,731,737
pivot_n5_737,2017-07-26 00:00:00+00:00,2403.0,2017-12-17 00:00:00+00:00,19891.99,144,17488.99,121.45131944444445,0.014677772092940102,1.0,pivot_n5,up,737,881
pivot_n5_759,2017-08-17 00:00:00+00:00,4469.0,2017-09-15 00:00:00+00:00,2975.01,29,-1493.9899999999998,-51.51689655172413,-0.014031629986718374,0.3717936510378617,pivot_n5,down,759,788
pivot_n5_764,2017-08-22 00:00:00+00:00,3583.46,2017-12-17 00:00:00+00:00,19891.99,117,16308.530000000002,139.38914529914533,0.014649472854869151,1.0,pivot_n5,up,764,881
pivot_n5_775,2017-09-02 00:00:00+00:00,4980.0,2017-09-15 00:00:00+00:00,2975.01,13,-2004.9899999999998,-154.23,-0.03962942236154461,0.7452359764121567,pivot_n5,down,775,788
pivot_n5_788,2017-09-15 00:00:00+00:00,2975.01,2017-12-17 00:00:00+00:00,19891.99,93,16916.980000000003,181.9030107526882,0.020430857395712095,1.0,pivot_n5,up,788,881
pivot_n5_805,2017-10-02 00:00:00+00:00,4470.0,2017-10-05 00:00:00+00:00,4150.01,3,-319.9899999999998,-106.66333333333326,-0.024759221582406496,0.24758769502711986,pivot_n5,down,805,808
pivot_n5_816,2017-10-13 00:00:00+00:00,5867.0,2017-10-18 00:00:00+00:00,5102.0,5,-765.0,-153.0,-0.027942162044820633,0.4584898340372675,pivot_n5,down,816,821
pivot_n5_821,2017-10-18 00:00:00+00:00,5102.0,2017-12-17 00:00:00+00:00,19891.99,60,14789.990000000002,246.49983333333336,0.022678075306968117,1.0,pivot_n5,up,821,881
pivot_n5_824,2017-10-21 00:00:00+00:00,6189.1,2017-10-25 00:00:00+00:00,5376.71,4,-812.3900000000003,-203.09750000000008,-0.0351782543432187,0.5443620624710732,pivot_n5,down,824,828
pivot_n5_828,2017-10-25 00:00:00+00:00,5376.71,2017-12-17 00:00:00+00:00,19891.99,53,14515.280000000002,273.87320754716984,0.024683782550655616,1.0,pivot_n5,up,828,881
pivot_n5_842,2017-11-08 00:00:00+00:00,7898.0,2017-11-12 00:00:00+00:00,5511.11,4,-2386.8900000000003,-596.7225000000001,-0.08996087702067973,1.0,pivot_n5,down,842,846
pivot_n5_846,2017-11-12 00:00:00+00:00,5511.11,2017-12-17 00:00:00+00:00,19891.99,35,14380.880000000001,410.88228571428573,0.036672888095884794,1.0,pivot_n5,up,846,881
pivot_n5_871,2017-12-07 00:00:00+00:00,19697.0,2018-06-24 00:00:00+00:00,5777.0,199,-13920.0,-69.94974874371859,-0.006163727754193111,1.0,pivot_n5,down,871,1070
pivot_n5_881,2017-12-17 00:00:00+00:00,19891.99,2018-06-24 00:00:00+00:00,5777.0,189,-14114.990000000002,-74.68248677248678,-0.006541971541473958,1.0,pivot_n5,down,881,1070
pivot_n5_886,2017-12-22 00:00:00+00:00,10400.0,2018-01-05 00:00:00+00:00,17178.0,14,6778.0,484.14285714285717,0.035844549228336145,1.0,pivot_n5,up,886,900
pivot_n5_891,2017-12-27 00:00:00+00:00,16490.0,2018-06-24 00:00:00+00:00,5777.0,179,-10713.0,-59.849162011173185,-0.005859606814370833,1.0,pivot_n5,down,891,1070
pivot_n5_894,2017-12-30 00:00:00+00:00,12500.0,2018-01-05 00:00:00+00:00,17178.0,6,4678.0,779.6666666666666,0.05298347517262958,1.0,pivot_n5,up,894,900
pivot_n5_900,2018-01-05 00:00:00+00:00,17178.0,2018-06-24 00:00:00+00:00,5777.0,170,-11401.0,-67.06470588235294,-0.0064102645796759086,1.0,pivot_n5,down,900,1070
pivot_n5_912,2018-01-17 00:00:00+00:00,9005.0,2018-01-20 00:00:00+00:00,12985.55,3,3980.5499999999993,1326.8499999999997,0.122019074051682,1.0,pivot_n5,up,912,915
pivot_n5_918,2018-01-23 00:00:00+00:00,9945.0,2018-02-20 00:00:00+00:00,11775.0,28,1830.0,65.35714285714286,0.006032454557019498,0.46347397398369516,pivot_n5,up,918,946
pivot_n5_923,2018-01-28 00:00:00+00:00,11697.24,2018-06-24 00:00:00+00:00,5777.0,147,-5920.24,-40.27374149659864,-0.00479910476013951,0.654385885097908,pivot_n5,down,923,1070
pivot_n5_932,2018-02-06 00:00:00+00:00,5873.0,2018-02-20 00:00:00+00:00,11775.0,14,5902.0,421.57142857142856,0.049686647383007064,1.0,pivot_n5,up,932,946
pivot_n5_946,2018-02-20 00:00:00+00:00,11775.0,2018-06-24 00:00:00+00:00,5777.0,124,-5998.0,-48.37096774193548,-0.005742694541156073,0.7218532173302564,pivot_n5,down,946,1070
pivot_n5_951,2018-02-25 00:00:00+00:00,9324.75,2018-03-05 00:00:00+00:00,11645.74,8,2320.99,290.12375,0.027783536548100465,1.0,pivot_n5,up,951,959
pivot_n5_959,2018-03-05 00:00:00+00:00,11645.74,2018-06-24 00:00:00+00:00,5777.0,111,-5868.74,-52.87153153153153,-0.006315819199141395,0.7465117671728949,pivot_n5,down,959,1070
pivot_n5_972,2018-03-18 00:00:00+00:00,7310.0,2018-05-05 00:00:00+00:00,9948.12,48,2638.120000000001,54.96083333333335,0.00641958989235194,0.5103019235014735,pivot_n5,up,972,1020
pivot_n5_975,2018-03-21 00:00:00+00:00,9174.0,2018-06-24 00:00:00+00:00,5777.0,95,-3397.0,-35.757894736842104,-0.004868303993430018,0.4670754295391537,pivot_n5,down,975,1070
pivot_n5_986,2018-04-01 00:00:00+00:00,6450.0,2018-05-05 00:00:00+00:00,9948.12,34,3498.120000000001,102.8858823529412,0.012744219346673505,0.803986067156043,pivot_n5,up,986,1020
pivot_n5_1010,2018-04-25 00:00:00+00:00,9763.49,2018-06-24 00:00:00+00:00,5777.0,60,-3986.49,-66.44149999999999,-0.008746090027931513,0.6897128723681851,pivot_n5,down,1010,1070
pivot_n5_1020,2018-05-05 00:00:00+00:00,9948.12,2018-11-20 00:00:00+00:00,4035.0,199,-5913.120000000001,-29.714170854271362,-0.004534559230515921,0.5617504539366605,pivot_n5,down,1020,1219
pivot_n5_1044,2018-05-29 00:00:00+00:00,7058.0,2018-07-24 00:00:00+00:00,8488.0,56,1430.0,25.535714285714285,0.0032944942153322098,0.2560915811844307,pivot_n5,up,1044,1100
pivot_n5_1049,2018-06-03 00:00:00+00:00,7777.0,2018-12-15 00:00:00+00:00,3128.89,195,-4648.110000000001,-23.836461538461542,-0.004669191541772363,0.4460796068039395,pivot_n5,down,1049,1244
pivot_n5_1059,2018-06-13 00:00:00+00:00,6135.0,2018-07-24 00:00:00+00:00,8488.0,41,2353.0,57.390243902439025,0.007918129832897738,0.4924739653575601,pivot_n5,up,1059,1100
pivot_n5_1065,2018-06-19 00:00:00+00:00,6829.06,2018-12-15 00:00:00+00:00,3128.89,179,-3700.1700000000005,-20.671340782122908,-0.0043603839493442,0.3706367165576059,pivot_n5,down,1065,1244
pivot_n5_1070,2018-06-24 00:00:00+00:00,5777.0,2018-07-24 00:00:00+00:00,8488.0,30,2711.0,90.36666666666666,0.012825629483751785,0.6633185884188763,pivot_n5,up,1070,1100
pivot_n5_1083,2018-07-07 00:00:00+00:00,6843.26,2018-12-15 00:00:00+00:00,3128.89,161,-3714.3700000000003,-23.070621118012426,-0.004860782094489387,0.3923064988612327,pivot_n5,down,1083,1244
pivot_n5_1088,2018-07-12 00:00:00+00:00,6075.01,2018-07-24 00:00:00+00:00,8488.0,12,2412.99,201.08249999999998,0.027872480499657463,0.9335082849831092,pivot_n5,up,1088,1100
pivot_n5_1100,2018-07-24 00:00:00+00:00,8488.0,2018-12-15 00:00:00+00:00,3128.89,144,-5359.110000000001,-37.21604166666667,-0.006930382585031156,0.598500755509331,pivot_n5,down,1100,1244
pivot_n5_1121,2018-08-14 00:00:00+00:00,5900.0,2018-09-04 00:00:00+00:00,7402.5,21,1502.5,71.54761904761905,0.010803115718187406,0.43939803554307405,pivot_n5,up,1121,1142
pivot_n5_1122,2018-08-15 00:00:00+00:00,6636.0,2018-12-15 00:00:00+00:00,3128.89,122,-3507.11,-28.746803278688525,-0.006162549698860677,0.4255227166597805,pivot_n5,down,1122,1244
pivot_n5_1142,2018-09-04 00:00:00+00:00,7402.5,2018-12-15 00:00:00+00:00,3128.89,102,-4273.610000000001,-41.89813725490197,-0.008442543842415821,0.5670848939388158,pivot_n5,down,1142,1244
pivot_n5_1146,2018-09-08 00:00:00+00:00,6116.0,2018-09-22 00:00:00+00:00,6823.0,14,707.0,50.5,0.007813640697605049,0.253226220835514,pivot_n5,up,1146,1160
pivot_n5_1152,2018-09-14 00:00:00+00:00,6580.0,2018-12-15 00:00:00+00:00,3128.89,92,-3451.11,-37.5120652173913,-0.008079961263804676,0.48218996299517486,pivot_n5,down,1152,1244
pivot_n5_1157,2018-09-19 00:00:00+00:00,6106.37,2018-09-22 00:00:00+00:00,6823.0,3,716.6300000000001,238.8766666666667,0.036988923073840975,0.5544822334675616,pivot_n5,up,1157,1160
pivot_n5_1160,2018-09-22 00:00:00+00:00,6823.0,2018-12-15 00:00:00+00:00,3128.89,84,-3694.11,-43.9775,-0.009281201771024893,0.540161290209659,pivot_n5,down,1160,1244
pivot_n5_1163,2018-09-25 00:00:00+00:00,6320.5,2018-10-15 00:00:00+00:00,6810.0,20,489.5,24.475,0.003729690060397284,0.14668678023610618,pivot_n5,up,1163,1183
pivot_n5_1166,2018-09-28 00:00:00+00:00,6786.73,2018-12-15 00:00:00+00:00,3128.89,78,-3657.8399999999997,-46.895384615384614,-0.009926806742654476,0.5550481776316257,pivot_n5,down,1166,1244
pivot_n5_1171,2018-10-03 00:00:00+00:00,6398.96,2018-10-15 00:00:00+00:00,6810.0,12,411.03999999999996,34.25333333333333,0.005188053583362536,0.15901816644886935,pivot_n5,up,1171,1183
pivot_n5_1176,2018-10-08 00:00:00+00:00,6681.19,2018-12-15 00:00:00+00:00,3128.89,68,-3552.2999999999997,-52.239705882352936,-0.011156144210709217,0.5773091716215627,pivot_n5,down,1176,1244
pivot_n5_1179,2018-10-11 00:00:00+00:00,6033.34,2018-10-15 00:00:00+00:00,6810.0,4,776.6599999999999,194.16499999999996,0.030272841396496362,0.5204202900562335,pivot_n5,up,1179,1183
pivot_n5_1183,2018-10-15 00:00:00+00:00,6810.0,2018-12-15 00:00:00+00:00,3128.89,61,-3681.11,-60.346065573770495,-0.012749406739249599,0.6316364085385676,pivot_n5,down,1183,1244
pivot_n5_1192,2018-10-24 00:00:00+00:00,6471.0,2018-12-15 00:00:00+00:00,3128.89,52,-3342.11,-64.27134615384615,-0.013974083596306412,0.6211154691860891,pivot_n5,down,1192,1244
pivot_n5_1199,2018-10-31 00:00:00+00:00,6201.67,2019-05-16 00:00:00+00:00,8388.0,197,2186.33,11.098121827411168,0.0015329111797940088,0.20875451562934436,pivot_n5,up,1199,1396
pivot_n5_1206,2018-11-07 00:00:00+00:00,6540.0,2018-12-15 00:00:00+00:00,3128.89,38,-3411.11,-89.76605263157894,-0.019401548852681888,0.7415786259223197,pivot_n5,down,1206,1244
pivot_n5_1224,2018-11-25 00:00:00+00:00,3456.78,2019-05-30 00:00:00+00:00,9090.0,186,5633.219999999999,30.28612903225806,0.005198050474560717,0.5535457466250117,pivot_n5,up,1224,1410
pivot_n5_1228,2018-11-29 00:00:00+00:00,4414.89,2018-12-15 00:00:00+00:00,3128.89,16,-1286.0000000000005,-80.37500000000003,-0.02151903810100343,0.43085809299585187,pivot_n5,down,1228,1244
pivot_n5_1236,2018-12-07 00:00:00+00:00,3212.0,2019-06-25 00:00:00+00:00,11788.88,200,8576.88,42.8844,0.006501314590966317,0.8127699038004808,pivot_n5,up,1236,1436
pivot_n5_1244,2018-12-15 00:00:00+00:00,3128.89,2019-06-26 00:00:00+00:00,13868.44,193,10739.550000000001,55.64533678756477,0.007714701792594594,1.0,pivot_n5,up,1244,1437
pivot_n5_1253,2018-12-24 00:00:00+00:00,4239.37,2019-01-29 00:00:00+00:00,3337.87,36,-901.5,-25.041666666666668,-0.006641160952596108,0.20135747580910332,pivot_n5,down,1253,1289
pivot_n5_1256,2018-12-27 00:00:00+00:00,3567.0,2019-06-26 00:00:00+00:00,13868.44,181,10301.44,56.914033149171274,0.007502159384868496,1.0,pivot_n5,up,1256,1437
pivot_n5_1268,2019-01-08 00:00:00+00:00,4114.8,2019-01-29 00:00:00+00:00,3337.87,21,-776.9300000000003,-36.996666666666684,-0.009964635774753452,0.22720899551046964,pivot_n5,down,1268,1289
pivot_n5_1273,2019-01-13 00:00:00+00:00,3481.54,2019-06-26 00:00:00+00:00,13868.44,164,10386.900000000001,63.334756097560984,0.008427689209773784,1.0,pivot_n5,up,1273,1437
pivot_n5_1279,2019-01-19 00:00:00+00:00,3765.9,2019-01-29 00:00:00+00:00,3337.87,10,-428.0300000000002,-42.80300000000002,-0.012065399750521994,0.18139590839260264,pivot_n5,down,1279,1289
pivot_n5_1282,2019-01-22 00:00:00+00:00,3425.0,2019-06-26 00:00:00+00:00,13868.44,155,10443.44,67.37703225806452,0.009022672795637185,1.0,pivot_n5,up,1282,1437
pivot_n5_1286,2019-01-26 00:00:00+00:00,3657.76,2019-01-29 00:00:00+00:00,3337.87,3,-319.8900000000003,-106.63000000000011,-0.03050601972953615,0.24751032145450014,pivot_n5,down,1286,1289
pivot_n5_1289,2019-01-29 00:00:00+00:00,3337.87,2019-06-26 00:00:00+00:00,13868.44,148,10530.57,71.1525,0.009623532946169168,1.0,pivot_n5,up,1289,1437
pivot_n5_1297,2019-02-06 00:00:00+00:00,3340.8,2019-06-26 00:00:00+00:00,13868.44,140,10527.64,75.19742857142857,0.010167181826941603,1.0,pivot_n5,up,1297,1437
pivot_n5_1299,2019-02-08 00:00:00+00:00,3711.0,2019-02-14 00:00:00+00:00,3535.1,6,-175.9000000000001,-29.31666666666668,-0.0080932990978163,0.09623731369851224,pivot_n5,down,1299,1305
pivot_n5_1305,2019-02-14 00:00:00+00:00,3535.1,2019-06-26 00:00:00+00:00,13868.44,132,10333.34,78.28287878787879,0.01035510732989689,1.0,pivot_n5,up,1305,1437
pivot_n5_1315,2019-02-24 00:00:00+00:00,4188.79,2019-02-27 00:00:00+00:00,3655.0,3,-533.79,-177.92999999999998,-0.045438605403429505,0.41301239328893524,pivot_n5,down,1315,1318
pivot_n5_1318,2019-02-27 00:00:00+00:00,3655.0,2019-06-26 00:00:00+00:00,13868.44,119,10213.44,85.82722689075631,0.01120604757845555,1.0,pivot_n5,up,1318,1437
pivot_n5_1328,2019-03-09 00:00:00+00:00,3947.33,2019-03-14 00:00:00+00:00,3779.28,5,-168.04999999999973,-33.60999999999994,-0.008701177138208137,0.10071793020910154,pivot_n5,down,1328,1333
pivot_n5_1333,2019-03-14 00:00:00+00:00,3779.28,2019-06-26 00:00:00+00:00,13868.44,104,10089.16,97.01115384615385,0.012500790766729091,1.0,pivot_n5,up,1333,1437
pivot_n5_1340,2019-03-21 00:00:00+00:00,4056.33,2019-03-25 00:00:00+00:00,3858.0,4,-198.32999999999993,-49.58249999999998,-0.012532427360616974,0.13289593403400815,pivot_n5,down,1340,1344
pivot_n5_1344,2019-03-25 00:00:00+00:00,3858.0,2019-06-26 00:00:00+00:00,13868.44,93,10010.44,107.63913978494624,0.013757707962950698,1.0,pivot_n5,up,1344,1437
pivot_n5_1360,2019-04-10 00:00:00+00:00,5488.0,2019-04-12 00:00:00+00:00,4901.99,2,-586.0100000000002,-293.0050000000001,-0.0564613226517121,0.5553199897003571,pivot_n5,down,1360,1362
pivot_n5_1362,2019-04-12 00:00:00+00:00,4901.99,2019-06-26 00:00:00+00:00,13868.44,75,8966.45,119.55266666666668,0.013866326798903898,1.0,pivot_n5,up,1362,1437
pivot_n5_1373,2019-04-23 00:00:00+00:00,5650.01,2019-04-25 00:00:00+00:00,4963.0,2,-687.0100000000002,-343.5050000000001,-0.06482345923149203,0.6510305048105703,pivot_n5,down,1373,1375
pivot_n5_1375,2019-04-25 00:00:00+00:00,4963.0,2019-06-26 00:00:00+00:00,13868.44,62,8905.44,143.63612903225808,0.01657427997472014,1.0,pivot_n5,up,1375,1437
pivot_n5_1396,2019-05-16 00:00:00+00:00,8388.0,2019-11-25 00:00:00+00:00,6526.0,193,-1862.0,-9.647668393782384,-0.0013005591443966042,0.17961983776069587,pivot_n5,down,1396,1589
pivot_n5_1397,2019-05-17 00:00:00+00:00,6600.0,2019-06-26 00:00:00+00:00,13868.44,40,7268.4400000000005,181.711,0.018563652650139307,1.0,pivot_n5,up,1397,1437
pivot_n5_1410,2019-05-30 00:00:00+00:00,9090.0,2019-11-25 00:00:00+00:00,6526.0,179,-2564.0,-14.324022346368714,-0.0018512888827835678,0.2568294270948906,pivot_n5,down,1410,1589
pivot_n5_1415,2019-06-04 00:00:00+00:00,7427.0,2019-06-26 00:00:00+00:00,13868.44,22,6441.4400000000005,292.7927272727273,0.02838607937958149,1.0,pivot_n5,up,1415,1437
pivot_n5_1437,2019-06-26 00:00:00+00:00,13868.44,2019-12-18 00:00:00+00:00,6430.0,175,-7438.4400000000005,-42.50537142857143,-0.004392235524505282,0.7535570157462903,pivot_n5,down,1437,1612
pivot_n5_1443,2019-07-02 00:00:00+00:00,9651.0,2019-07-10 00:00:00+00:00,13202.63,8,3551.629999999999,443.9537499999999,0.03916931440567911,1.0,pivot_n5,up,1443,1451
pivot_n5_1451,2019-07-10 00:00:00+00:00,13202.63,2019-12-18 00:00:00+00:00,6430.0,161,-6772.629999999999,-42.066024844720495,-0.004468580831806856,0.7153155887492495,pivot_n5,down,1451,1612
pivot_n5_1458,2019-07-17 00:00:00+00:00,9071.0,2019-08-06 00:00:00+00:00,12320.4,20,3249.3999999999996,162.46999999999997,0.015308695673898762,0.9737365141965338,pivot_n5,up,1458,1478
pivot_n5_1461,2019-07-20 00:00:00+00:00,11112.31,2019-12-18 00:00:00+00:00,6430.0,151,-4682.3099999999995,-31.00867549668874,-0.0036230395005401165,0.5106519180406919,pivot_n5,down,1461,1612
pivot_n5_1469,2019-07-28 00:00:00+00:00,9108.88,2019-08-06 00:00:00+00:00,12320.4,9,3211.5200000000004,356.83555555555563,0.03355629591322825,1.0,pivot_n5,up,1469,1478
pivot_n5_1478,2019-08-06 00:00:00+00:00,12320.4,2019-12-18 00:00:00+00:00,6430.0,134,-5890.4,-43.95820895522388,-0.004852849901949658,0.6819392159514387,pivot_n5,down,1478,1612
pivot_n5_1487,2019-08-15 00:00:00+00:00,9470.0,2019-08-20 00:00:00+00:00,10953.0,5,1483.0,296.6,0.029096896828724544,0.8888110116042716,pivot_n5,up,1487,1492
pivot_n5_1492,2019-08-20 00:00:00+00:00,10953.0,2019-12-18 00:00:00+00:00,6430.0,120,-4523.0,-37.69166666666667,-0.004438657109100679,0.5533364026961596,pivot_n5,down,1492,1612
pivot_n5_1494,2019-08-22 00:00:00+00:00,9759.0,2019-09-06 00:00:00+00:00,10939.34,15,1180.3400000000001,78.68933333333334,0.007611701996466534,0.40842730912209174,pivot_n5,up,1494,1509
pivot_n5_1501,2019-08-29 00:00:00+00:00,9321.73,2019-09-06 00:00:00+00:00,10939.34,8,1617.6100000000006,202.20125000000007,0.020002154039614566,0.7664469621160003,pivot_n5,up,1501,1509
pivot_n5_1509,2019-09-06 00:00:00+00:00,10939.34,2020-03-13 00:00:00+00:00,3858.0,189,-7081.34,-37.46740740740741,-0.0055143732890094435,0.6902999190266427,pivot_n5,down,1509,1698
pivot_n5_1514,2019-09-11 00:00:00+00:00,9851.97,2019-10-26 00:00:00+00:00,10540.49,45,688.5200000000004,15.300444444444453,0.0015011688091003006,0.1375509457652896,pivot_n5,up,1514,1559
pivot_n5_1533,2019-09-30 00:00:00+00:00,7701.0,2019-10-26 00:00:00+00:00,10540.49,26,2839.49,109.21115384615383,0.012072070809194781,0.7462888399415608,pivot_n5,up,1533,1559
pivot_n5_1534,2019-10-01 00:00:00+00:00,8535.0,2020-03-13 00:00:00+00:00,3858.0,164,-4677.0,-28.51829268292683,-0.004841624644895529,0.48943917041591767,pivot_n5,down,1534,1698
pivot_n5_1540,2019-10-07 00:00:00+00:00,7762.35,2019-10-26 00:00:00+00:00,10540.49,19,2778.1399999999994,146.21789473684208,0.016102047799725377,0.8541430367054788,pivot_n5,up,1540,1559
pivot_n5_1544,2019-10-11 00:00:00+00:00,8826.0,2020-03-13 00:00:00+00:00,3858.0,154,-4968.0,-32.25974025974026,-0.005373720755609208,0.5365059025825472,pivot_n5,down,1544,1698
pivot_n5_1556,2019-10-23 00:00:00+00:00,7296.44,2019-10-26 00:00:00+00:00,10540.49,3,3244.05,1081.3500000000001,0.12261249120833277,1.0,pivot_n5,up,1556,1559
pivot_n5_1559,2019-10-26 00:00:00+00:00,10540.49,2020-03-13 00:00:00+00:00,3858.0,139,-6682.49,-48.07546762589928,-0.007230756238220432,0.7595986689419808,pivot_n5,down,1559,1698
pivot_n5_1568,2019-11-04 00:00:00+00:00,9600.0,2020-03-13 00:00:00+00:00,3858.0,130,-5742.0,-44.16923076923077,-0.007012416799925025,0.6749083319115315,pivot_n5,down,1568,1698
pivot_n5_1589,2019-11-25 00:00:00+00:00,6526.0,2020-02-13 00:00:00+00:00,10522.51,80,3996.51,49.956375,0.00597153217294385,0.598810198244536,pivot_n5,up,1589,1669
pivot_n5_1593,2019-11-29 00:00:00+00:00,7870.1,2020-03-13 00:00:00+00:00,3858.0,105,-4012.1000000000004,-38.21047619047619,-0.006789731946146218,0.5247233338468212,pivot_n5,down,1593,1698
pivot_n5_1598,2019-12-04 00:00:00+00:00,7080.0,2020-02-13 00:00:00+00:00,10522.51,71,3442.51,48.48605633802817,0.005580885412690262,0.5475191501736681,pivot_n5,up,1598,1669
pivot_n5_1612,2019-12-18 00:00:00+00:00,6430.0,2020-02-13 00:00:00+00:00,10522.51,57,4092.51,71.79842105263158,0.008641091820300156,0.7264497841887396,pivot_n5,up,1612,1669
pivot_n5_1617,2019-12-23 00:00:00+00:00,7688.99,2020-03-13 00:00:00+00:00,3858.0,81,-3830.99,-47.29617283950617,-0.008514080506252101,0.5704555195044678,pivot_n5,down,1617,1698
pivot_n5_1621,2019-12-27 00:00:00+00:00,7053.32,2020-02-13 00:00:00+00:00,10522.51,48,3469.1900000000005,72.27479166666667,0.008333715500950063,0.67105906099498,pivot_n5,up,1621,1669
pivot_n5_1623,2019-12-29 00:00:00+00:00,7531.0,2020-03-13 00:00:00+00:00,3858.0,75,-3673.0,-48.973333333333336,-0.008918385608475696,0.5683862644673969,pivot_n5,down,1623,1698
pivot_n5_1628,2020-01-03 00:00:00+00:00,6854.67,2020-02-13 00:00:00+00:00,10522.51,41,3667.84,89.45951219512196,0.010453331712070536,0.7676649847416377,pivot_n5,up,1628,1669
pivot_n5_1633,2020-01-08 00:00:00+00:00,8469.39,2020-03-13 00:00:00+00:00,3858.0,65,-4611.389999999999,-70.94446153846152,-0.012097070349180616,0.7665287575829846,pivot_n5,down,1633,1698
pivot_n5_1644,2020-01-19 00:00:00+00:00,9194.99,2020-03-13 00:00:00+00:00,3858.0,54,-5336.99,-98.83314814814814,-0.016083515852306954,0.9733135888493889,pivot_n5,down,1644,1698
pivot_n5_1649,2020-01-24 00:00:00+00:00,8216.71,2020-08-02 00:00:00+00:00,12134.29,191,3917.5800000000017,20.51089005235603,0.002041180331831847,0.3798870314281429,pivot_n5,up,1649,1840
pivot_n5_1660,2020-02-04 00:00:00+00:00,9078.05,2020-08-17 00:00:00+00:00,12486.61,195,3408.5600000000013,17.47979487179488,0.0016348587606321596,0.3271198626038619,pivot_n5,up,1660,1855
pivot_n5_1669,2020-02-13 00:00:00+00:00,10522.51,2020-03-13 00:00:00+00:00,3858.0,29,-6664.51,-229.8106896551724,-0.03459889163872757,1.0,pivot_n5,down,1669,1698
pivot_n5_1675,2020-02-19 00:00:00+00:00,9280.98,2020-08-17 00:00:00+00:00,12486.61,180,3205.630000000001,17.80905555555556,0.0016482762527374973,0.3202067029814567,pivot_n5,up,1675,1855
pivot_n5_1686,2020-03-01 00:00:00+00:00,8400.0,2020-08-17 00:00:00+00:00,12486.61,169,4086.6100000000006,24.181124260355034,0.0023457110314450587,0.4212822087373556,pivot_n5,up,1686,1855
pivot_n5_1692,2020-03-07 00:00:00+00:00,9214.67,2020-03-13 00:00:00+00:00,3858.0,6,-5356.67,-892.7783333333333,-0.14510797746993095,1.0,pivot_n5,down,1692,1698
pivot_n5_1698,2020-03-13 00:00:00+00:00,3858.0,2020-08-17 00:00:00+00:00,12486.61,157,8628.61,54.959299363057326,0.007480942392865895,0.9228779962332833,pivot_n5,up,1698,1855
pivot_n5_1705,2020-03-20 00:00:00+00:00,6990.0,2020-03-23 00:00:00+00:00,5678.2,3,-1311.8000000000002,-437.2666666666667,-0.06928209171499064,1.0,pivot_n5,down,1705,1708
pivot_n5_1715,2020-03-30 00:00:00+00:00,5853.0,2020-08-17 00:00:00+00:00,12486.61,140,6633.610000000001,47.38292857142858,0.00541216085610285,0.7513446440676114,pivot_n5,up,1715,1855
pivot_n5_1723,2020-04-07 00:00:00+00:00,7466.0,2020-04-16 00:00:00+00:00,6456.0,9,-1010.0,-112.22222222222223,-0.016149938836082706,0.4511836951019287,pivot_n5,down,1723,1732
pivot_n5_1732,2020-04-16 00:00:00+00:00,6456.0,2020-10-31 00:00:00+00:00,14098.92,198,7642.92,38.60060606060606,0.003944890241101971,0.7279138726280575,pivot_n5,up,1732,1930
pivot_n5_1746,2020-04-30 00:00:00+00:00,9478.66,2020-05-10 00:00:00+00:00,8106.7,10,-1371.96,-137.196,-0.015635207580156917,0.5814263731007523,pivot_n5,down,1746,1756
pivot_n5_1753,2020-05-07 00:00:00+00:00,10079.0,2020-05-10 00:00:00+00:00,8106.7,3,-1972.3000000000002,-657.4333333333334,-0.07258772370307753,1.0,pivot_n5,down,1753,1756
pivot_n5_1756,2020-05-10 00:00:00+00:00,8106.7,2020-11-25 00:00:00+00:00,19500.0,199,11393.3,57.25276381909547,0.004410671282945693,1.0,pivot_n5,up,1756,1955
pivot_n5_1764,2020-05-18 00:00:00+00:00,9957.25,2020-05-25 00:00:00+00:00,8632.93,7,-1324.3199999999997,-189.18857142857138,-0.020388138322236595,0.6708063969684012,pivot_n5,down,1764,1771
pivot_n5_1771,2020-05-25 00:00:00+00:00,8632.93,2020-12-01 00:00:00+00:00,19915.14,190,11282.21,59.38005263157894,0.004399454135192302,1.0,pivot_n5,up,1771,1961
pivot_n5_1778,2020-06-01 00:00:00+00:00,10428.0,2020-06-27 00:00:00+00:00,8815.01,26,-1612.9899999999998,-62.038076923076915,-0.00646302099200447,0.4239340289760971,pivot_n5,down,1778,1804
pivot_n5_1787,2020-06-10 00:00:00+00:00,10018.67,2020-06-27 00:00:00+00:00,8815.01,17,-1203.6599999999999,-70.8035294117647,-0.007529082472743185,0.39123044647918814,pivot_n5,down,1787,1804
pivot_n5_1792,2020-06-15 00:00:00+00:00,8895.01,2021-01-01 00:00:00+00:00,29688.88,200,20793.870000000003,103.96935000000002,0.006026410597903842,1.0,pivot_n5,up,1792,1992
pivot_n5_1799,2020-06-22 00:00:00+00:00,9792.0,2020-06-27 00:00:00+00:00,8815.01,5,-976.9899999999998,-195.39799999999997,-0.021021955098166244,0.5855424613804835,pivot_n5,down,1799,1804
pivot_n5_1804,2020-06-27 00:00:00+00:00,8815.01,2021-01-08 00:00:00+00:00,41986.37,195,33171.36,170.10953846153848,0.008004559443720301,1.0,pivot_n5,up,1804,1999
pivot_n5_1812,2020-07-05 00:00:00+00:00,8905.84,2021-01-08 00:00:00+00:00,41986.37,187,33080.53,176.90122994652407,0.008292180751246206,1.0,pivot_n5,up,1812,1999
pivot_n5_1815,2020-07-08 00:00:00+00:00,9475.0,2020-07-16 00:00:00+00:00,9005.0,8,-470.0,-58.75,-0.006359596542571338,0.2226927826821793,pivot_n5,down,1815,1823
pivot_n5_1823,2020-07-16 00:00:00+00:00,9005.0,2021-01-08 00:00:00+00:00,41986.37,176,32981.37,187.39414772727275,0.008747528768049309,1.0,pivot_n5,up,1823,1999
pivot_n5_1840,2020-08-02 00:00:00+00:00,12134.29,2020-09-05 00:00:00+00:00,9813.0,34,-2321.290000000001,-68.27323529411767,-0.0062449203469376584,0.5335108051835418,pivot_n5,down,1840,1874
pivot_n5_1840,2020-08-02 00:00:00+00:00,10546.15,2021-02-17 00:00:00+00:00,52640.35,199,42094.2,211.52864321608038,0.008079005384531476,1.0,pivot_n5,up,1840,2039
pivot_n5_1848,2020-08-10 00:00:00+00:00,12086.22,2020-09-05 00:00:00+00:00,9813.0,26,-2273.2199999999993,-87.43153846153844,-0.0080137662857194,0.5974589509848439,pivot_n5,down,1848,1874
pivot_n5_1849,2020-08-11 00:00:00+00:00,11120.0,2021-02-21 00:00:00+00:00,58367.0,194,47247.0,243.54123711340208,0.008546419447459925,1.0,pivot_n5,up,1849,2043
pivot_n5_1855,2020-08-17 00:00:00+00:00,12486.61,2020-09-05 00:00:00+00:00,9813.0,19,-2673.6100000000006,-140.71631578947373,-0.012681517523111915,0.8220051417013311,pivot_n5,down,1855,1874
pivot_n5_1863,2020-08-25 00:00:00+00:00,11102.73,2021-03-13 00:00:00+00:00,61788.45,200,50685.72,253.42860000000002,0.00858262714884281,1.0,pivot_n5,up,1863,2063
pivot_n5_1870,2020-09-01 00:00:00+00:00,12086.0,2020-09-05 00:00:00+00:00,9813.0,4,-2273.0,-568.25,-0.05208493017875257,1.0,pivot_n5,down,1870,1874
pivot_n5_1874,2020-09-05 00:00:00+00:00,9813.0,2021-03-13 00:00:00+00:00,61788.45,189,51975.45,275.0023809523809,0.009735494267559227,1.0,pivot_n5,up,1874,2063
pivot_n5_1888,2020-09-19 00:00:00+00:00,11179.9,2020-09-23 00:00:00+00:00,10135.22,4,-1044.6800000000003,-261.1700000000001,-0.024525259129664672,0.7000137365332916,pivot_n5,down,1888,1892
pivot_n5_1892,2020-09-23 00:00:00+00:00,10135.22,2021-03-13 00:00:00+00:00,61788.45,171,51653.229999999996,302.06567251461985,0.010571344837243198,1.0,pivot_n5,up,1892,2063
pivot_n5_1897,2020-09-28 00:00:00+00:00,10956.11,2020-10-02 00:00:00+00:00,10363.76,4,-592.3500000000004,-148.0875000000001,-0.013895546540386444,0.3969188046440014,pivot_n5,down,1897,1901
pivot_n5_1901,2020-10-02 00:00:00+00:00,10363.76,2021-04-14 00:00:00+00:00,64899.0,194,54535.24,281.10948453608245,0.009456273762481007,1.0,pivot_n5,up,1901,2095
pivot_n5_1911,2020-10-12 00:00:00+00:00,11736.02,2020-10-16 00:00:00+00:00,11201.0,4,-535.0200000000004,-133.7550000000001,-0.011664921241943014,0.358503416663516,pivot_n5,down,1911,1915
pivot_n5_1956,2020-11-26 00:00:00+00:00,16200.0,2021-04-14 00:00:00+00:00,64899.0,139,48699.0,350.3525179856115,0.009984323546996429,1.0,pivot_n5,up,1956,2095
pivot_n5_1961,2020-12-01 00:00:00+00:00,19915.14,2020-12-11 00:00:00+00:00,17580.0,10,-2335.1399999999994,-233.51399999999995,-0.012471835422884422,0.9896148436415714,pivot_n5,down,1961,1971
pivot_n5_1971,2020-12-11 00:00:00+00:00,17580.0,2021-04-14 00:00:00+00:00,64899.0,124,47319.0,381.60483870967744,0.010532825185595248,1.0,pivot_n5,up,1971,2095
pivot_n5_1999,2021-01-08 00:00:00+00:00,41986.37,2021-01-22 00:00:00+00:00,28732.0,14,-13254.370000000003,-946.7407142857145,-0.027095254113717326,1.0,pivot_n5,down,1999,2013
pivot_n5_2002,2021-01-11 00:00:00+00:00,30100.0,2021-04-14 00:00:00+00:00,64899.0,93,34799.0,374.18279569892474,0.008261366059311956,1.0,pivot_n5,up,2002,2095
pivot_n5_2013,2021-01-22 00:00:00+00:00,28732.0,2021-04-14 00:00:00+00:00,64899.0,82,36167.0,441.0609756097561,0.009936838183637643,1.0,pivot_n5,up,2013,2095
pivot_n5_2020,2021-01-29 00:00:00+00:00,38570.13,2021-06-22 00:00:00+00:00,28800.0,144,-9770.129999999997,-67.84812499999998,-0.0020284913581094413,1.0,pivot_n5,down,2020,2164
pivot_n5_2043,2021-02-21 00:00:00+00:00,58367.0,2021-06-22 00:00:00+00:00,28800.0,121,-29567.0,-244.35537190082644,-0.005837812185849269,1.0,pivot_n5,down,2043,2164
pivot_n5_2050,2021-02-28 00:00:00+00:00,43016.0,2021-04-14 00:00:00+00:00,64899.0,45,21883.0,486.2888888888889,0.009139112794743663,1.0,pivot_n5,up,2050,2095
pivot_n5_2053,2021-03-03 00:00:00+00:00,52666.0,2021-06-22 00:00:00+00:00,28800.0,111,-23866.0,-215.00900900900902,-0.005437790080261196,1.0,pivot_n5,down,2053,2164
pivot_n5_2063,2021-03-13 00:00:00+00:00,61788.45,2021-06-22 00:00:00+00:00,28800.0,101,-32988.45,-326.61831683168316,-0.007557832343080694,1.0,pivot_n5,down,2063,2164
pivot_n5_2066,2021-03-16 00:00:00+00:00,53221.0,2021-04-14 00:00:00+00:00,64899.0,29,11678.0,402.6896551724138,0.006840660688594102,1.0,pivot_n5,up,2066,2095
pivot_n5_2075,2021-03-25 00:00:00+00:00,50305.0,2021-04-14 00:00:00+00:00,64899.0,20,14594.0,729.7,0.01273638697634139,1.0,pivot_n5,up,2075,2095
pivot_n5_2083,2021-04-02 00:00:00+00:00,60055.02,2021-06-22 00:00:00+00:00,28800.0,81,-31255.019999999997,-385.8644444444444,-0.009072663640648833,1.0,pivot_n5,down,2083,2164
pivot_n5_2088,2021-04-07 00:00:00+00:00,55400.0,2021-10-20 00:00:00+00:00,66999.0,196,11599.0,59.17857142857143,0.0009698882660878014,1.0,pivot_n5,up,2088,2284
pivot_n5_2095,2021-04-14 00:00:00+00:00,64899.0,2021-06-22 00:00:00+00:00,28800.0,69,-36099.0,-523.1739130434783,-0.011774736639549878,1.0,pivot_n5,down,2095,2164
pivot_n5_2106,2021-04-25 00:00:00+00:00,47044.01,2021-11-10 00:00:00+00:00,69000.0,199,21955.989999999998,110.33160804020099,0.0019247384826207698,1.0,pivot_n5,up,2106,2305
pivot_n5_2116,2021-05-05 00:00:00+00:00,52913.02,2021-11-10 00:00:00+00:00,69000.0,189,16086.980000000003,85.11629629629631,0.0014045347685345572,1.0,pivot_n5,up,2116,2305
pivot_n5_2121,2021-05-10 00:00:00+00:00,59592.2,2021-06-22 00:00:00+00:00,28800.0,43,-30792.199999999997,-716.0976744186046,-0.01691044897399143,1.0,pivot_n5,down,2121,2164
pivot_n5_2130,2021-05-19 00:00:00+00:00,30000.0,2021-11-10 00:00:00+00:00,69000.0,175,39000.0,222.85714285714286,0.004759480702486308,1.0,pivot_n5,up,2130,2305
pivot_n5_2141,2021-05-30 00:00:00+00:00,33333.0,2021-11-10 00:00:00+00:00,69000.0,164,35667.0,217.48170731707316,0.004436332971507793,1.0,pivot_n5,up,2141,2305
pivot_n5_2145,2021-06-03 00:00:00+00:00,39489.82,2021-06-22 00:00:00+00:00,28800.0,19,-10689.82,-562.6221052631579,-0.016614080527910042,1.0,pivot_n5,down,2145,2164
pivot_n5_2150,2021-06-08 00:00:00+00:00,31004.95,2021-11-10 00:00:00+00:00,69000.0,155,37995.05,245.1293548387097,0.005161029906063487,1.0,pivot_n5,up,2150,2305
pivot_n5_2157,2021-06-15 00:00:00+00:00,41322.55,2021-06-22 00:00:00+00:00,28800.0,7,-12522.550000000003,-1788.9357142857148,-0.05157613838018488,1.0,pivot_n5,down,2157,2164
pivot_n5_2164,2021-06-22 00:00:00+00:00,28800.0,2021-11-10 00:00:00+00:00,69000.0,141,40200.0,285.1063829787234,0.00619667459188198,1.0,pivot_n5,up,2164,2305
pivot_n5_2171,2021-06-29 00:00:00+00:00,36675.0,2021-07-20 00:00:00+00:00,29301.56,21,-7373.439999999999,-351.1161904761904,-0.010688312719167934,1.0,pivot_n5,down,2171,2192
pivot_n5_2180,2021-07-08 00:00:00+00:00,32111.0,2021-11-10 00:00:00+00:00,69000.0,125,36889.0,295.112,0.006119262832277165,1.0,pivot_n5,up,2180,2305
pivot_n5_2192,2021-07-20 00:00:00+00:00,29301.56,2021-11-10 00:00:00+00:00,69000.0,113,39698.44,351.3136283185841,0.007579342899741068,1.0,pivot_n5,up,2192,2305
pivot_n5_2208,2021-08-05 00:00:00+00:00,37300.0,2021-11-10 00:00:00+00:00,69000.0,97,31700.0,326.8041237113402,0.0063413729685308185,1.0,pivot_n5,up,2208,2305
pivot_n5_2217,2021-08-14 00:00:00+00:00,48176.52,2022-01-24 00:00:00+00:00,32933.33,163,-15243.189999999995,-93.51650306748463,-0.0023336598194246654,1.0,pivot_n5,down,2217,2380
pivot_n5_2222,2021-08-19 00:00:00+00:00,43955.0,2021-11-10 00:00:00+00:00,69000.0,83,25045.0,301.7469879518072,0.00543301350956768,1.0,pivot_n5,up,2222,2305
pivot_n5_2226,2021-08-23 00:00:00+00:00,50505.0,2022-01-24 00:00:00+00:00,32933.33,154,-17571.67,-114.10175324675323,-0.002776539781883214,1.0,pivot_n5,down,2226,2380
pivot_n5_2229,2021-08-26 00:00:00+00:00,46315.48,2021-11-10 00:00:00+00:00,69000.0,76,22684.519999999997,298.4805263157894,0.005245134975420431,1.0,pivot_n5,up,2229,2305
pivot_n5_2241,2021-09-07 00:00:00+00:00,52944.96,2022-01-24 00:00:00+00:00,32933.33,139,-20011.629999999997,-143.96856115107911,-0.0034155947374820746,1.0,pivot_n5,down,2241,2380
pivot_n5_2241,2021-09-07 00:00:00+00:00,42830.77,2021-11-10 00:00:00+00:00,69000.0,64,26169.230000000003,408.89421875000005,0.007450777110606504,1.0,pivot_n5,up,2241,2305
pivot_n5_2247,2021-09-13 00:00:00+00:00,43465.0,2021-11-10 00:00:00+00:00,69000.0,58,25535.0,440.2586206896552,0.00796811186321089,1.0,pivot_n5,up,2247,2305
pivot_n5_2252,2021-09-18 00:00:00+00:00,48825.62,2022-01-24 00:00:00+00:00,32933.33,128,-15892.29,-124.158515625,-0.003076327814247535,1.0,pivot_n5,down,2252,2380
pivot_n5_2255,2021-09-21 00:00:00+00:00,39600.0,2021-11-10 00:00:00+00:00,69000.0,50,29400.0,588.0,0.01110554772673649,1.0,pivot_n5,up,2255,2305
pivot_n5_2284,2021-10-20 00:00:00+00:00,66999.0,2022-01-24 00:00:00+00:00,32933.33,96,-34065.67,-354.85072916666667,-0.007397838323284529,1.0,pivot_n5,down,2284,2380
pivot_n5_2292,2021-10-28 00:00:00+00:00,57653.88,2021-11-10 00:00:00+00:00,69000.0,13,11346.120000000003,872.7784615384618,0.01381915057371365,1.0,pivot_n5,up,2292,2305
pivot_n5_2297,2021-11-02 00:00:00+00:00,64300.0,2022-05-12 00:00:00+00:00,25338.53,191,-38961.47,-203.98675392670157,-0.00487556790095817,1.0,pivot_n5,down,2297,2488
pivot_n5_2305,2021-11-10 00:00:00+00:00,69000.0,2022-05-12 00:00:00+00:00,25338.53,183,-43661.47,-238.58726775956285,-0.005474209521512001,1.0,pivot_n5,down,2305,2488
pivot_n5_2329,2021-12-04 00:00:00+00:00,42333.0,2021-12-27 00:00:00+00:00,52100.0,23,9767.0,424.6521739130435,0.009026001087634256,1.0,pivot_n5,up,2329,2352
pivot_n5_2342,2021-12-17 00:00:00+00:00,45469.32,2021-12-27 00:00:00+00:00,52100.0,10,6630.68,663.068,0.013612713594955663,1.0,pivot_n5,up,2342,2352
pivot_n5_2352,2021-12-27 00:00:00+00:00,52100.0,2022-06-18 00:00:00+00:00,17567.45,173,-34532.55,-199.61011560693643,-0.006283914397941901,1.0,pivot_n5,down,2352,2525
pivot_n5_2366,2022-01-10 00:00:00+00:00,39650.0,2022-03-28 00:00:00+00:00,48240.0,77,8590.0,111.55844155844156,0.002546722134260688,1.0,pivot_n5,up,2366,2443
pivot_n5_2369,2022-01-13 00:00:00+00:00,44453.22,2022-06-18 00:00:00+00:00,17567.45,156,-26885.77,-172.3446794871795,-0.005951215656190413,1.0,pivot_n5,down,2369,2525
pivot_n5_2380,2022-01-24 00:00:00+00:00,32933.33,2022-03-28 00:00:00+00:00,48240.0,63,15306.669999999998,242.96301587301585,0.006058783135679326,1.0,pivot_n5,up,2380,2443
pivot_n5_2390,2022-02-03 00:00:00+00:00,36259.01,2022-03-28 00:00:00+00:00,48240.0,53,11980.989999999998,226.05641509433957,0.005386804722225861,1.0,pivot_n5,up,2390,2443
pivot_n5_2397,2022-02-10 00:00:00+00:00,45855.0,2022-06-18 00:00:00+00:00,17567.45,128,-28287.55,-220.996484375,-0.007495597547621367,1.0,pivot_n5,down,2397,2525
pivot_n5_2411,2022-02-24 00:00:00+00:00,34322.0,2022-03-28 00:00:00+00:00,48240.0,32,13918.0,434.9375,0.010637562638713082,1.0,pivot_n5,up,2411,2443
pivot_n5_2417,2022-03-02 00:00:00+00:00,45426.45,2022-06-18 00:00:00+00:00,17567.45,108,-27858.999999999996,-257.9537037037037,-0.008796729413017524,1.0,pivot_n5,down,2417,2525
pivot_n5_2422,2022-03-07 00:00:00+00:00,37161.88,2022-03-28 00:00:00+00:00,48240.0,21,11078.120000000003,527.5295238095239,0.012424049891360974,1.0,pivot_n5,up,2422,2443
pivot_n5_2424,2022-03-09 00:00:00+00:00,42597.84,2022-06-18 00:00:00+00:00,17567.45,101,-25030.389999999996,-247.8256435643564,-0.008769859305436606,1.0,pivot_n5,down,2424,2525
pivot_n5_2429,2022-03-14 00:00:00+00:00,37560.4,2022-03-28 00:00:00+00:00,48240.0,14,10679.599999999999,762.8285714285713,0.017874160607736552,1.0,pivot_n5,up,2429,2443
pivot_n5_2443,2022-03-28 00:00:00+00:00,48240.0,2022-06-18 00:00:00+00:00,17567.45,82,-30672.55,-374.05548780487806,-0.012318790176872652,1.0,pivot_n5,down,2443,2525
pivot_n5_2457,2022-04-11 00:00:00+00:00,39204.59,2022-04-21 00:00:00+00:00,43109.47,10,3904.8800000000047,390.48800000000045,0.00949488627737403,1.0,pivot_n5,up,2457,2467
pivot_n5_2464,2022-04-18 00:00:00+00:00,38550.0,2022-04-21 00:00:00+00:00,43109.47,3,4559.470000000001,1519.8233333333337,0.03726219818094646,1.0,pivot_n5,up,2464,2467
pivot_n5_2467,2022-04-21 00:00:00+00:00,43109.47,2022-06-18 00:00:00+00:00,17567.45,58,-25542.02,-440.3796551724138,-0.015477498907531124,1.0,pivot_n5,down,2467,2525
pivot_n5_2480,2022-05-04 00:00:00+00:00,40038.27,2022-11-09 00:00:00+00:00,15512.0,189,-24526.269999999997,-129.76862433862433,-0.005017046713121809,1.0,pivot_n5,down,2480,2669
pivot_n5_2488,2022-05-12 00:00:00+00:00,25338.53,2022-05-31 00:00:00+00:00,32383.96,19,7045.43,370.8121052631579,0.01291247770135835,1.0,pivot_n5,up,2488,2507
pivot_n5_2502,2022-05-26 00:00:00+00:00,28000.0,2022-05-31 00:00:00+00:00,32383.96,5,4383.959999999999,876.7919999999998,0.029091745662233576,1.0,pivot_n5,up,2502,2507
pivot_n5_2507,2022-05-31 00:00:00+00:00,32383.96,2022-11-21 00:00:00+00:00,15460.0,174,-16923.96,-97.26413793103448,-0.0042494666398108965,1.0,pivot_n5,down,2507,2681
pivot_n5_2525,2022-06-18 00:00:00+00:00,17567.45,2022-08-15 00:00:00+00:00,25214.57,58,7647.119999999999,131.84689655172411,0.006230590415976569,1.0,pivot_n5,up,2525,2583
pivot_n5_2533,2022-06-26 00:00:00+00:00,21866.0,2022-11-21 00:00:00+00:00,15460.0,148,-6406.0,-43.28378378378378,-0.002342411323331197,0.7056825107843111,pivot_n5,down,2533,2681
pivot_n5_2537,2022-06-30 00:00:00+00:00,18603.0,2022-08-15 00:00:00+00:00,25214.57,46,6611.57,143.72978260869564,0.006610850956655717,1.0,pivot_n5,up,2537,2583
pivot_n5_2545,2022-07-08 00:00:00+00:00,22490.54,2022-11-21 00:00:00+00:00,15460.0,136,-7030.540000000001,-51.69514705882354,-0.002756167155846371,0.8079277161136905,pivot_n5,down,2545,2681
pivot_n5_2550,2022-07-13 00:00:00+00:00,18892.0,2022-08-15 00:00:00+00:00,25214.57,33,6322.57,191.5930303030303,0.008747983333580088,1.0,pivot_n5,up,2550,2583
pivot_n5_2557,2022-07-20 00:00:00+00:00,24287.13,2022-11-21 00:00:00+00:00,15460.0,124,-8827.130000000001,-71.18653225806453,-0.0036426656230184157,1.0,pivot_n5,down,2557,2681
pivot_n5_2563,2022-07-26 00:00:00+00:00,20715.0,2022-08-15 00:00:00+00:00,25214.57,20,4499.57,224.9785,0.009828196325632421,1.0,pivot_n5,up,2563,2583
pivot_n5_2567,2022-07-30 00:00:00+00:00,24666.0,2022-11-21 00:00:00+00:00,15460.0,114,-9206.0,-80.75438596491227,-0.004097980122671232,1.0,pivot_n5,down,2567,2681
pivot_n5_2572,2022-08-04 00:00:00+00:00,22392.88,2023-02-16 00:00:00+00:00,25256.83,196,2863.9500000000007,14.61198979591837,0.0006140487908307934,0.2741515297568251,pivot_n5,up,2572,2768
pivot_n5_2583,2022-08-15 00:00:00+00:00,25214.57,2022-11-21 00:00:00+00:00,15460.0,98,-9754.57,-99.53642857142857,-0.004991489376354467,1.0,pivot_n5,down,2583,2681
pivot_n5_2588,2022-08-20 00:00:00+00:00,20760.93,2023-02-21 00:00:00+00:00,25288.88,185,4527.950000000001,24.47540540540541,0.0010664428023777466,0.4461378149869426,pivot_n5,up,2588,2773
pivot_n5_2596,2022-08-28 00:00:00+00:00,19513.74,2023-03-14 00:00:00+00:00,26553.9,198,7040.16,35.556363636363635,0.0015558474582131351,0.6705068389465212,pivot_n5,up,2596,2794
pivot_n5_2606,2022-09-07 00:00:00+00:00,18527.0,2023-03-22 00:00:00+00:00,28937.73,196,10410.73,53.1159693877551,0.0022750875123017226,0.9965668239268392,pivot_n5,up,2606,2802
pivot_n5_2612,2022-09-13 00:00:00+00:00,22800.0,2022-11-21 00:00:00+00:00,15460.0,69,-7340.0,-106.3768115942029,-0.005630499895668394,1.0,pivot_n5,down,2612,2681
pivot_n5_2620,2022-09-21 00:00:00+00:00,18153.13,2023-03-30 00:00:00+00:00,29190.04,190,11036.91,58.089,0.0024999187240210387,1.0,pivot_n5,up,2620,2810
pivot_n5_2626,2022-09-27 00:00:00+00:00,20383.15,2022-11-21 00:00:00+00:00,15460.0,55,-4923.1500000000015,-89.51181818181821,-0.005026409745254135,0.8896414332211167,pivot_n5,down,2626,2681
pivot_n5_2627,2022-09-28 00:00:00+00:00,18487.0,2023-04-14 00:00:00+00:00,31050.0,198,12563.0,63.44949494949495,0.002618843565702926,1.0,pivot_n5,up,2627,2825
pivot_n5_2633,2022-10-04 00:00:00+00:00,20479.43,2022-11-21 00:00:00+00:00,15460.0,48,-5019.43,-104.57145833333334,-0.005857602595697144,0.9709280790415147,pivot_n5,down,2633,2681
pivot_n5_2642,2022-10-13 00:00:00+00:00,18131.0,2023-04-14 00:00:00+00:00,31050.0,183,12919.0,70.59562841530055,0.002939757529703913,1.0,pivot_n5,up,2642,2825
pivot_n5_2643,2022-10-14 00:00:00+00:00,19954.14,2022-11-21 00:00:00+00:00,15460.0,38,-4494.139999999999,-118.26684210526314,-0.006715278880119524,0.9770303994601561,pivot_n5,down,2643,2681
pivot_n5_2650,2022-10-21 00:00:00+00:00,18659.0,2023-04-14 00:00:00+00:00,31050.0,175,12391.0,70.80571428571429,0.0029101154569392902,1.0,pivot_n5,up,2650,2825
pivot_n5_2658,2022-10-29 00:00:00+00:00,21080.0,2022-11-21 00:00:00+00:00,15460.0,23,-5620.0,-244.34782608695653,-0.013481246978864596,1.0,pivot_n5,down,2658,2681
pivot_n5_2665,2022-11-05 00:00:00+00:00,21478.8,2022-11-21 00:00:00+00:00,15460.0,16,-6018.799999999999,-376.17499999999995,-0.020550647437440103,1.0,pivot_n5,down,2665,2681
pivot_n5_2669,2022-11-09 00:00:00+00:00,15512.0,2023-04-14 00:00:00+00:00,31050.0,156,15538.0,99.6025641025641,0.004448621092558571,1.0,pivot_n5,up,2669,2825
pivot_n5_2681,2022-11-21 00:00:00+00:00,15460.0,2023-04-14 00:00:00+00:00,31050.0,144,15590.0,108.26388888888889,0.004842658091807027,1.0,pivot_n5,up,2681,2825
pivot_n5_2688,2022-11-28 00:00:00+00:00,15992.64,2023-04-14 00:00:00+00:00,31050.0,137,15057.36,109.90773722627738,0.004842848116585132,1.0,pivot_n5,up,2688,2825
pivot_n5_2695,2022-12-05 00:00:00+00:00,17424.59,2022-12-19 00:00:00+00:00,16273.4,14,-1151.1900000000005,-82.22785714285718,-0.004882182427714368,0.4123217725086782,pivot_n5,down,2695,2709
pivot_n5_2697,2022-12-07 00:00:00+00:00,16679.52,2023-06-23 00:00:00+00:00,31443.67,198,14764.149999999998,74.56641414141413,0.0032021013711633164,1.0,pivot_n5,up,2697,2895
pivot_n5_2704,2022-12-14 00:00:00+00:00,18385.36,2022-12-19 00:00:00+00:00,16273.4,5,-2111.960000000001,-422.39200000000017,-0.024404564554367156,1.0,pivot_n5,down,2704,2709
pivot_n5_2709,2022-12-19 00:00:00+00:00,16273.4,2023-07-06 00:00:00+00:00,31525.1,199,15251.699999999999,76.64170854271356,0.0033228752812140584,1.0,pivot_n5,up,2709,2908
pivot_n5_2717,2022-12-27 00:00:00+00:00,16967.0,2022-12-30 00:00:00+00:00,16326.16,3,-640.8400000000001,-213.61333333333337,-0.012833850587050222,0.4958408027787732,pivot_n5,down,2717,2720
pivot_n5_2720,2022-12-30 00:00:00+00:00,16326.16,2023-07-13 00:00:00+00:00,31862.21,195,15536.05,79.67205128205129,0.003428984301295837,1.0,pivot_n5,up,2720,2915
pivot_n5_2754,2023-02-02 00:00:00+00:00,24262.18,2023-03-10 00:00:00+00:00,19568.52,36,-4693.66,-130.37944444444443,-0.005972127965007175,1.0,pivot_n5,down,2754,2790
pivot_n5_2765,2023-02-13 00:00:00+00:00,21366.45,2023-07-13 00:00:00+00:00,31862.21,150,10495.759999999998,69.97173333333332,0.0026639915550057056,1.0,pivot_n5,up,2765,2915
pivot_n5_2773,2023-02-21 00:00:00+00:00,25288.88,2023-03-10 00:00:00+00:00,19568.52,17,-5720.360000000001,-336.49176470588236,-0.015084860048938064,1.0,pivot_n5,down,2773,2790
pivot_n5_2776,2023-02-24 00:00:00+00:00,22520.0,2023-07-13 00:00:00+00:00,31862.21,139,9342.21,67.21014388489208,0.002496524207056478,1.0,pivot_n5,up,2776,2915
pivot_n5_2790,2023-03-10 00:00:00+00:00,19568.52,2023-07-13 00:00:00+00:00,31862.21,125,12293.689999999999,98.34951999999998,0.00389998812369793,1.0,pivot_n5,up,2790,2915
pivot_n5_2802,2023-03-22 00:00:00+00:00,28937.73,2023-06-15 00:00:00+00:00,24750.0,85,-4187.73,-49.26741176470588,-0.0018390681289919275,0.6087268916662746,pivot_n5,down,2802,2887
pivot_n5_2807,2023-03-27 00:00:00+00:00,26525.0,2023-07-13 00:00:00+00:00,31862.21,108,5337.209999999999,49.418611111111105,0.0016975276254841956,0.6882650092063788,pivot_n5,up,2807,2915
pivot_n5_2810,2023-03-30 00:00:00+00:00,29190.04,2023-06-15 00:00:00+00:00,24750.0,77,-4440.040000000001,-57.662857142857156,-0.002142883976398582,0.6781016446654543,pivot_n5,down,2810,2887
pivot_n5_2814,2023-04-03 00:00:00+00:00,27227.61,2023-07-13 00:00:00+00:00,31862.21,101,4634.5999999999985,45.887128712871274,0.001556328079799423,0.6180232991176645,pivot_n5,up,2814,2915
pivot_n5_2825,2023-04-14 00:00:00+00:00,31050.0,2023-06-15 00:00:00+00:00,24750.0,62,-6300.0,-101.61290322580645,-0.00365763418330304,1.0,pivot_n5,down,2825,2887
pivot_n5_2835,2023-04-24 00:00:00+00:00,26965.14,2023-11-09 00:00:00+00:00,37999.0,199,11033.86,55.44653266331659,0.0017236930798969212,1.0,pivot_n5,up,2835,3034
pivot_n5_2837,2023-04-26 00:00:00+00:00,30050.66,2023-06-15 00:00:00+00:00,24750.0,50,-5300.66,-106.0132,-0.0038811827023933648,1.0,pivot_n5,down,2837,2887
pivot_n5_2847,2023-05-06 00:00:00+00:00,29850.0,2023-06-15 00:00:00+00:00,24750.0,40,-5100.0,-127.5,-0.004683983770597794,1.0,pivot_n5,down,2847,2887
pivot_n5_2853,2023-05-12 00:00:00+00:00,25810.0,2023-11-24 00:00:00+00:00,38454.0,196,12644.0,64.51020408163265,0.002034187285814399,1.0,pivot_n5,up,2853,3049
pivot_n5_2859,2023-05-18 00:00:00+00:00,26361.52,2023-12-04 00:00:00+00:00,42410.46,200,16048.939999999999,80.2447,0.0023774482941417156,1.0,pivot_n5,up,2859,3059
pivot_n5_2866,2023-05-25 00:00:00+00:00,25864.35,2023-12-05 00:00:00+00:00,45000.0,194,19135.65,98.63737113402063,0.0028546232841022115,1.0,pivot_n5,up,2866,3060
pivot_n5_2870,2023-05-29 00:00:00+00:00,28473.93,2023-06-15 00:00:00+00:00,24750.0,17,-3723.9300000000003,-219.05470588235295,-0.00824490839945568,1.0,pivot_n5,down,2870,2887
pivot_n5_2878,2023-06-06 00:00:00+00:00,25351.92,2023-12-05 00:00:00+00:00,45000.0,182,19648.08,107.95648351648353,0.0031527913349245016,1.0,pivot_n5,up,2878,3060
pivot_n5_2887,2023-06-15 00:00:00+00:00,24750.0,2023-12-05 00:00:00+00:00,45000.0,173,20250.0,117.05202312138728,0.0034557052066798866,1.0,pivot_n5,up,2887,3060
pivot_n5_2895,2023-06-23 00:00:00+00:00,31443.67,2023-09-11 00:00:00+00:00,24900.0,80,-6543.669999999998,-81.79587499999998,-0.0029166235944724124,0.9804595334296227,pivot_n5,down,2895,2975
pivot_n5_2902,2023-06-30 00:00:00+00:00,29417.14,2024-01-11 00:00:00+00:00,49102.29,195,19685.15,100.94948717948719,0.0026273239772137795,1.0,pivot_n5,up,2902,3097
pivot_n5_2908,2023-07-06 00:00:00+00:00,31525.1,2023-09-11 00:00:00+00:00,24900.0,67,-6625.0999999999985,-98.88208955223878,-0.0035211380665811426,1.0,pivot_n5,down,2908,2975
pivot_n5_2909,2023-07-07 00:00:00+00:00,29715.87,2024-01-11 00:00:00+00:00,49102.29,188,19386.420000000002,103.11925531914895,0.0026714065249558963,1.0,pivot_n5,up,2909,3097
pivot_n5_2915,2023-07-13 00:00:00+00:00,31862.21,2023-09-11 00:00:00+00:00,24900.0,60,-6962.209999999999,-116.03683333333332,-0.004109214409694634,1.0,pivot_n5,down,2915,2975
pivot_n5_2920,2023-07-18 00:00:00+00:00,29525.0,2024-01-11 00:00:00+00:00,49102.29,177,19577.29,110.6061581920904,0.002873832266331426,1.0,pivot_n5,up,2920,3097
pivot_n5_2926,2023-07-24 00:00:00+00:00,28850.0,2024-01-11 00:00:00+00:00,49102.29,171,20252.29,118.43444444444445,0.003109916258888771,1.0,pivot_n5,up,2926,3097
pivot_n5_2934,2023-08-01 00:00:00+00:00,28477.0,2024-02-15 00:00:00+00:00,52890.0,198,24413.0,123.29797979797979,0.003126856268490429,1.0,pivot_n5,up,2934,3132
pivot_n5_2935,2023-08-02 00:00:00+00:00,30033.0,2023-09-11 00:00:00+00:00,24900.0,40,-5133.0,-128.325,-0.004685724340869859,1.0,pivot_n5,down,2935,2975
pivot_n5_2940,2023-08-07 00:00:00+00:00,28660.53,2024-02-20 00:00:00+00:00,53000.0,197,24339.47,123.55060913705584,0.0031206649677683698,1.0,pivot_n5,up,2940,3137
pivot_n5_2941,2023-08-08 00:00:00+00:00,30222.0,2023-09-11 00:00:00+00:00,24900.0,34,-5322.0,-156.52941176470588,-0.0056971274270854865,1.0,pivot_n5,down,2941,2975
pivot_n5_2950,2023-08-17 00:00:00+00:00,25234.76,2024-03-04 00:00:00+00:00,68602.98,200,43368.22,216.8411,0.005000567824374666,1.0,pivot_n5,up,2950,3150
pivot_n5_2962,2023-08-29 00:00:00+00:00,28184.89,2023-09-11 00:00:00+00:00,24900.0,13,-3284.8899999999994,-252.6838461538461,-0.009532170405391617,1.0,pivot_n5,down,2962,2975
pivot_n5_2965,2023-09-01 00:00:00+00:00,25307.37,2024-03-14 00:00:00+00:00,73835.57,195,48528.20000000001,248.86256410256416,0.005490999672572004,1.0,pivot_n5,up,2965,3160
pivot_n5_2975,2023-09-11 00:00:00+00:00,24900.0,2024-03-14 00:00:00+00:00,73835.57,185,48935.57000000001,264.5165945945946,0.005875528596439492,1.0,pivot_n5,up,2975,3160
pivot_n5_2983,2023-09-19 00:00:00+00:00,27500.0,2023-09-25 00:00:00+00:00,25983.78,6,-1516.2200000000012,-252.70333333333352,-0.009452251246311641,0.8295448537575797,pivot_n5,down,2983,2989
pivot_n5_2989,2023-09-25 00:00:00+00:00,25983.78,2024-03-14 00:00:00+00:00,73835.57,171,47851.79000000001,279.83502923976613,0.006107415769691884,1.0,pivot_n5,up,2989,3160
pivot_n5_2996,2023-10-02 00:00:00+00:00,28613.37,2023-10-11 00:00:00+00:00,26521.32,9,-2092.0499999999993,-232.44999999999993,-0.008436128141414928,0.9345533161762274,pivot_n5,down,2996,3005
pivot_n5_3005,2023-10-11 00:00:00+00:00,26521.32,2024-03-14 00:00:00+00:00,73835.57,155,47314.25000000001,305.25322580645167,0.006605752619208531,1.0,pivot_n5,up,3005,3160
pivot_n5_3018,2023-10-24 00:00:00+00:00,35157.23,2023-10-27 00:00:00+00:00,33400.0,3,-1757.2300000000032,-585.7433333333344,-0.017091462341059595,1.0,pivot_n5,down,3018,3021
pivot_n5_3027,2023-11-02 00:00:00+00:00,35997.8,2023-11-03 00:00:00+00:00,34100.0,1,-1897.800000000003,-1897.800000000003,-0.05416044118816789,1.0,pivot_n5,down,3027,3028
pivot_n5_3034,2023-11-09 00:00:00+00:00,37999.0,2023-11-14 00:00:00+00:00,34758.64,5,-3240.3600000000006,-648.0720000000001,-0.01782633387808091,1.0,pivot_n5,down,3034,3039
pivot_n5_3039,2023-11-14 00:00:00+00:00,34758.64,2024-03-14 00:00:00+00:00,73835.57,121,39076.93000000001,322.94983471074386,0.0062265489224109655,1.0,pivot_n5,up,3039,3160
pivot_n5_3040,2023-11-15 00:00:00+00:00,37987.0,2023-11-16 00:00:00+00:00,35511.11,1,-2475.8899999999994,-2475.8899999999994,-0.0673983906650843,1.0,pivot_n5,down,3040,3041
pivot_n5_3047,2023-11-22 00:00:00+00:00,35633.0,2024-03-14 00:00:00+00:00,73835.57,113,38202.57000000001,338.0758407079647,0.006447508133006924,1.0,pivot_n5,up,3047,3160
pivot_n5_3060,2023-12-05 00:00:00+00:00,45000.0,2024-01-23 00:00:00+00:00,38501.0,49,-6499.0,-132.6326530612245,-0.0031832300977127827,1.0,pivot_n5,down,3060,3109
pivot_n5_3066,2023-12-11 00:00:00+00:00,40150.0,2024-03-14 00:00:00+00:00,73835.57,94,33685.57000000001,358.35712765957453,0.006481044185310609,1.0,pivot_n5,up,3066,3160
pivot_n5_3073,2023-12-18 00:00:00+00:00,40508.01,2024-03-14 00:00:00+00:00,73835.57,87,33327.560000000005,383.07540229885063,0.006900469672151069,1.0,pivot_n5,up,3073,3160
pivot_n5_3077,2023-12-22 00:00:00+00:00,44424.36,2024-01-23 00:00:00+00:00,38501.0,32,-5923.360000000001,-185.10500000000002,-0.0044719922703685125,1.0,pivot_n5,down,3077,3109
pivot_n5_3088,2024-01-02 00:00:00+00:00,45925.82,2024-01-23 00:00:00+00:00,38501.0,21,-7424.82,-353.5628571428571,-0.00839729862657559,1.0,pivot_n5,down,3088,3109
pivot_n5_3089,2024-01-03 00:00:00+00:00,40625.68,2024-03-14 00:00:00+00:00,73835.57,71,33209.89000000001,467.74492957746486,0.00841465091324809,1.0,pivot_n5,up,3089,3160
pivot_n5_3097,2024-01-11 00:00:00+00:00,49102.29,2024-01-23 00:00:00+00:00,38501.0,12,-10601.29,-883.4408333333334,-0.020268454853474584,1.0,pivot_n5,down,3097,3109
pivot_n5_3098,2024-01-12 00:00:00+00:00,41444.97,2024-03-14 00:00:00+00:00,73835.57,62,32390.600000000006,522.4290322580646,0.009314097913219792,1.0,pivot_n5,up,3098,3160
pivot_n5_3109,2024-01-23 00:00:00+00:00,38501.0,2024-03-14 00:00:00+00:00,73835.57,51,35334.57000000001,692.8347058823531,0.012767772133913226,1.0,pivot_n5,up,3109,3160
pivot_n5_3116,2024-01-30 00:00:00+00:00,43872.99,2024-02-01 00:00:00+00:00,41846.04,2,-2026.949999999997,-1013.4749999999985,-0.02365084998417396,1.0,pivot_n5,down,3116,3118
pivot_n5_3137,2024-02-20 00:00:00+00:00,53000.0,2024-08-05 00:00:00+00:00,49050.01,167,-3949.989999999998,-23.65263473053891,-0.0004637815788453422,0.40962932346745695,pivot_n5,down,3137,3304
pivot_n5_3140,2024-02-23 00:00:00+00:00,50513.01,2024-03-14 00:00:00+00:00,73835.57,20,23322.560000000005,1166.1280000000002,0.018980483347379028,1.0,pivot_n5,up,3140,3160
pivot_n5_3151,2024-03-05 00:00:00+00:00,59224.68,2024-03-14 00:00:00+00:00,73835.57,9,14610.890000000007,1623.432222222223,0.024500249656155177,1.0,pivot_n5,up,3151,3160
pivot_n5_3160,2024-03-14 00:00:00+00:00,73835.57,2024-08-05 00:00:00+00:00,49050.01,144,-24785.560000000005,-172.12194444444447,-0.002840279193937626,1.0,pivot_n5,down,3160,3304
pivot_n5_3166,2024-03-20 00:00:00+00:00,60771.14,2024-04-08 00:00:00+00:00,72777.0,19,12005.86,631.8873684210527,0.009488682420605365,1.0,pivot_n5,up,3166,3185
pivot_n5_3173,2024-03-27 00:00:00+00:00,71789.85,2024-08-05 00:00:00+00:00,49050.01,131,-22739.840000000004,-173.58656488549622,-0.002907654284532537,1.0,pivot_n5,down,3173,3304
pivot_n5_3180,2024-04-03 00:00:00+00:00,64500.0,2024-04-08 00:00:00+00:00,72777.0,5,8277.0,1655.4,0.024146949483459655,1.0,pivot_n5,up,3180,3185
pivot_n5_3185,2024-04-08 00:00:00+00:00,72777.0,2024-08-05 00:00:00+00:00,49050.01,119,-23726.989999999998,-199.38647058823528,-0.003315626733899794,1.0,pivot_n5,down,3185,3304
pivot_n5_3196,2024-04-19 00:00:00+00:00,59573.32,2024-10-29 00:00:00+00:00,73624.98,193,14051.659999999996,72.8065284974093,0.0010972878108076987,1.0,pivot_n5,up,3196,3389
pivot_n5_3199,2024-04-22 00:00:00+00:00,67272.73,2024-08-05 00:00:00+00:00,49050.01,105,-18222.719999999994,-173.54971428571423,-0.0030087101338612835,1.0,pivot_n5,down,3199,3304
pivot_n5_3208,2024-05-01 00:00:00+00:00,56500.0,2024-11-13 00:00:00+00:00,93495.0,196,36995.0,188.75,0.002569731228451675,1.0,pivot_n5,up,3208,3404
pivot_n5_3213,2024-05-06 00:00:00+00:00,65523.44,2024-08-05 00:00:00+00:00,49050.01,91,-16473.43,-181.0267032967033,-0.0031820610036717616,1.0,pivot_n5,down,3213,3304
pivot_n5_3217,2024-05-10 00:00:00+00:00,60150.0,2024-11-22 00:00:00+00:00,99860.0,196,39710.0,202.60204081632654,0.002586366135978446,1.0,pivot_n5,up,3217,3413
pivot_n5_3228,2024-05-21 00:00:00+00:00,71980.0,2024-08-05 00:00:00+00:00,49050.01,76,-22929.989999999998,-301.7103947368421,-0.00504668306270967,1.0,pivot_n5,down,3228,3304
pivot_n5_3238,2024-05-31 00:00:00+00:00,66584.47,2024-12-17 00:00:00+00:00,108388.88,200,41804.41,209.02205,0.002436270667729912,1.0,pivot_n5,up,3238,3438
pivot_n5_3245,2024-06-07 00:00:00+00:00,71974.04,2024-08-05 00:00:00+00:00,49050.01,59,-22924.02999999999,-388.5428813559321,-0.006499408619657074,1.0,pivot_n5,down,3245,3304
pivot_n5_3262,2024-06-24 00:00:00+00:00,58414.28,2024-12-17 00:00:00+00:00,108388.88,176,49974.600000000006,283.94659090909096,0.003512301819465156,1.0,pivot_n5,up,3262,3438
pivot_n5_3269,2024-07-01 00:00:00+00:00,63801.26,2024-08-05 00:00:00+00:00,49050.01,35,-14751.25,-421.4642857142857,-0.007512358556773781,1.0,pivot_n5,down,3269,3304
pivot_n5_3273,2024-07-05 00:00:00+00:00,53499.9,2025-01-20 00:00:00+00:00,109358.01,199,55858.10999999999,280.6940201005025,0.0035926995513945845,1.0,pivot_n5,up,3273,3472
pivot_n5_3293,2024-07-25 00:00:00+00:00,63412.46,2025-01-20 00:00:00+00:00,109358.01,179,45945.549999999996,256.6790502793296,0.0030445062757916627,1.0,pivot_n5,up,3293,3472
pivot_n5_3297,2024-07-29 00:00:00+00:00,70000.0,2024-08-05 00:00:00+00:00,49050.01,7,-20949.989999999998,-2992.855714285714,-0.050807836023487034,1.0,pivot_n5,down,3297,3304
pivot_n5_3304,2024-08-05 00:00:00+00:00,49050.01,2025-01-20 00:00:00+00:00,109358.01,168,60307.99999999999,358.9761904761904,0.004772539318951834,1.0,pivot_n5,up,3304,3472
pivot_n5_3307,2024-08-08 00:00:00+00:00,62755.24,2024-09-06 00:00:00+00:00,52530.0,29,-10225.239999999998,-352.59448275862064,-0.006133022259851338,1.0,pivot_n5,down,3307,3336
pivot_n5_3314,2024-08-15 00:00:00+00:00,56120.0,2025-01-20 00:00:00+00:00,109358.01,158,53238.009999999995,336.9494303797468,0.004222371773636694,1.0,pivot_n5,up,3314,3472
pivot_n5_3324,2024-08-25 00:00:00+00:00,65050.08,2024-09-06 00:00:00+00:00,52530.0,12,-12520.080000000002,-1043.3400000000001,-0.017814416651258404,1.0,pivot_n5,down,3324,3336
pivot_n5_3336,2024-09-06 00:00:00+00:00,52530.0,2025-01-20 00:00:00+00:00,109358.01,136,56828.009999999995,417.8530147058823,0.005391489415463144,1.0,pivot_n5,up,3336,3472
pivot_n5_3357,2024-09-27 00:00:00+00:00,66550.0,2024-10-10 00:00:00+00:00,58863.9,13,-7686.0999999999985,-591.2384615384615,-0.009440426562411479,1.0,pivot_n5,down,3357,3370
pivot_n5_3363,2024-10-03 00:00:00+00:00,59824.87,2025-01-20 00:00:00+00:00,109358.01,109,49533.13999999999,454.4324770642201,0.00553399573102182,1.0,pivot_n5,up,3363,3472
pivot_n5_3367,2024-10-07 00:00:00+00:00,64467.02,2024-10-10 00:00:00+00:00,58863.9,3,-5603.119999999995,-1867.7066666666651,-0.030308591891652945,1.0,pivot_n5,down,3367,3370
pivot_n5_3370,2024-10-10 00:00:00+00:00,58863.9,2025-01-20 00:00:00+00:00,109358.01,102,50494.10999999999,495.04029411764697,0.006072539175873395,1.0,pivot_n5,up,3370,3472
pivot_n5_3381,2024-10-21 00:00:00+00:00,69498.0,2024-10-23 00:00:00+00:00,65149.51,2,-4348.489999999998,-2174.244999999999,-0.032306596370417724,1.0,pivot_n5,down,3381,3383
pivot_n5_3383,2024-10-23 00:00:00+00:00,65149.51,2025-01-20 00:00:00+00:00,109358.01,89,44208.49999999999,496.7247191011235,0.00581957542731943,1.0,pivot_n5,up,3383,3472
pivot_n5_3389,2024-10-29 00:00:00+00:00,73624.98,2024-11-04 00:00:00+00:00,66783.77,6,-6841.209999999992,-1140.2016666666652,-0.01625404722911045,1.0,pivot_n5,down,3389,3395
pivot_n5_3395,2024-11-04 00:00:00+00:00,66783.77,2025-05-22 00:00:00+00:00,112000.0,199,45216.229999999996,227.2172361809045,0.0025981848459542844,1.0,pivot_n5,up,3395,3594
pivot_n5_3404,2024-11-13 00:00:00+00:00,93495.0,2025-04-07 00:00:00+00:00,74420.69,145,-19074.309999999998,-131.54696551724138,-0.0015736135472570584,1.0,pivot_n5,down,3404,3549
pivot_n5_3413,2024-11-22 00:00:00+00:00,99860.0,2025-04-07 00:00:00+00:00,74420.69,136,-25439.309999999998,-187.05374999999998,-0.0021620236065868605,1.0,pivot_n5,down,3413,3549
pivot_n5_3417,2024-11-26 00:00:00+00:00,90682.58,2025-05-22 00:00:00+00:00,112000.0,177,21317.42,120.4374011299435,0.0011928451658882963,1.0,pivot_n5,up,3417,3594
pivot_n5_3426,2024-12-05 00:00:00+00:00,104000.0,2025-04-07 00:00:00+00:00,74420.69,123,-29579.309999999998,-240.4821951219512,-0.002720787841989614,1.0,pivot_n5,down,3426,3549
pivot_n5_3426,2024-12-05 00:00:00+00:00,92055.86,2025-05-22 00:00:00+00:00,112000.0,168,19944.14,118.71511904761904,0.0011672815749316154,1.0,pivot_n5,up,3426,3594
pivot_n5_3438,2024-12-17 00:00:00+00:00,108388.88,2025-04-07 00:00:00+00:00,74420.69,111,-33968.19,-306.01972972972976,-0.00338731086613574,1.0,pivot_n5,down,3438,3549
pivot_n5_3441,2024-12-20 00:00:00+00:00,92115.66,2025-05-22 00:00:00+00:00,112000.0,153,19884.339999999997,129.9630065359477,0.0012774765353885161,1.0,pivot_n5,up,3441,3594
pivot_n5_3447,2024-12-26 00:00:00+00:00,99887.0,2025-04-07 00:00:00+00:00,74420.69,102,-25466.309999999998,-249.66970588235293,-0.0028853485537261533,1.0,pivot_n5,down,3447,3549
pivot_n5_3451,2024-12-30 00:00:00+00:00,91271.19,2025-07-14 00:00:00+00:00,123231.07,196,31959.880000000005,163.06061224489798,0.0015317654396986339,1.0,pivot_n5,up,3451,3647
pivot_n5_3459,2025-01-07 00:00:00+00:00,102735.99,2025-04-07 00:00:00+00:00,74420.69,90,-28315.300000000003,-314.6144444444445,-0.0035825388793130483,1.0,pivot_n5,down,3459,3549
pivot_n5_3465,2025-01-13 00:00:00+00:00,89028.64,2025-07-14 00:00:00+00:00,123231.07,182,34202.43000000001,187.9254395604396,0.0017862807425481234,1.0,pivot_n5,up,3465,3647
pivot_n5_3472,2025-01-20 00:00:00+00:00,109358.01,2025-04-07 00:00:00+00:00,74420.69,77,-34937.31999999999,-453.73142857142847,-0.004998610401197502,1.0,pivot_n5,down,3472,3549
pivot_n5_3479,2025-01-27 00:00:00+00:00,97715.03,2025-08-14 00:00:00+00:00,124533.0,199,26817.97,134.76366834170855,0.0012186701282722316,1.0,pivot_n5,up,3479,3678
pivot_n5_3482,2025-01-30 00:00:00+00:00,106484.77,2025-04-07 00:00:00+00:00,74420.69,67,-32064.08,-478.56835820895526,-0.005347283218684295,1.0,pivot_n5,down,3482,3549
pivot_n5_3486,2025-02-03 00:00:00+00:00,91178.01,2025-08-14 00:00:00+00:00,124533.0,192,33354.990000000005,173.72390625000003,0.0016237343304060091,1.0,pivot_n5,up,3486,3678
pivot_n5_3495,2025-02-12 00:00:00+00:00,94066.92,2025-08-14 00:00:00+00:00,124533.0,183,30466.08,166.48131147540985,0.0015331382357980671,1.0,pivot_n5,up,3495,3678
pivot_n5_3497,2025-02-14 00:00:00+00:00,98890.11,2025-04-07 00:00:00+00:00,74420.69,52,-24469.42,-470.5657692307692,-0.005466831520224673,1.0,pivot_n5,down,3497,3549
pivot_n5_3501,2025-02-18 00:00:00+00:00,93333.0,2025-08-14 00:00:00+00:00,124533.0,177,31200.0,176.27118644067798,0.0016293615703800897,1.0,pivot_n5,up,3501,3678
pivot_n5_3504,2025-02-21 00:00:00+00:00,99517.52,2025-04-07 00:00:00+00:00,74420.69,45,-25096.83,-557.7073333333334,-0.006457771433101612,1.0,pivot_n5,down,3504,3549
pivot_n5_3511,2025-02-28 00:00:00+00:00,78167.81,2025-08-14 00:00:00+00:00,124533.0,167,46365.19,277.63586826347307,0.0027886994912966604,1.0,pivot_n5,up,3511,3678
pivot_n5_3513,2025-03-02 00:00:00+00:00,95128.88,2025-04-07 00:00:00+00:00,74420.69,36,-20708.190000000002,-575.2275000000001,-0.006819405811378953,1.0,pivot_n5,down,3513,3549
pivot_n5_3522,2025-03-11 00:00:00+00:00,76555.0,2025-08-14 00:00:00+00:00,124533.0,156,47978.0,307.55128205128204,0.0031189827196564635,1.0,pivot_n5,up,3522,3678
pivot_n5_3535,2025-03-24 00:00:00+00:00,88804.64,2025-04-07 00:00:00+00:00,74420.69,14,-14383.949999999997,-1027.4249999999997,-0.012621779022044656,1.0,pivot_n5,down,3535,3549
pivot_n5_3544,2025-04-02 00:00:00+00:00,88530.0,2025-04-07 00:00:00+00:00,74420.69,5,-14109.309999999998,-2821.8619999999996,-0.034721496609261514,1.0,pivot_n5,down,3544,3549
pivot_n5_3549,2025-04-07 00:00:00+00:00,74420.69,2025-10-06 00:00:00+00:00,126296.0,182,51875.31,285.0291758241758,0.002906012987103163,1.0,pivot_n5,up,3549,3731
pivot_n5_3557,2025-04-15 00:00:00+00:00,86491.4,2025-04-16 00:00:00+00:00,83088.02,1,-3403.37999999999,-3403.37999999999,-0.04014445921924401,1.0,pivot_n5,down,3557,3558
pivot_n5_3567,2025-04-25 00:00:00+00:00,95976.34,2025-04-28 00:00:00+00:00,92829.44,3,-3146.899999999994,-1048.9666666666647,-0.011112623965865945,1.0,pivot_n5,down,3567,3570
pivot_n5_3574,2025-05-02 00:00:00+00:00,97948.56,2025-11-18 00:00:00+00:00,89183.48,200,-8765.080000000002,-43.82540000000001,-0.0004687331113197877,0.8306042789923049,pivot_n5,down,3574,3774
pivot_n5_3578,2025-05-06 00:00:00+00:00,93363.28,2025-10-06 00:00:00+00:00,126296.0,153,32932.72,215.24653594771243,0.0019747074382292402,1.0,pivot_n5,up,3578,3731
pivot_n5_3584,2025-05-12 00:00:00+00:00,105787.37,2025-11-21 00:00:00+00:00,80524.65,193,-25262.72,-130.89492227979275,-0.0014138227325660839,1.0,pivot_n5,down,3584,3777
pivot_n5_3594,2025-05-22 00:00:00+00:00,112000.0,2025-11-21 00:00:00+00:00,80524.65,183,-31475.350000000006,-171.99644808743173,-0.0018029263528061617,1.0,pivot_n5,down,3594,3777
pivot_n5_3608,2025-06-05 00:00:00+00:00,100345.73,2025-10-06 00:00:00+00:00,126296.0,123,25950.270000000004,210.9778048780488,0.001869974267997168,1.0,pivot_n5,up,3608,3731
pivot_n5_3612,2025-06-09 00:00:00+00:00,110651.12,2025-11-21 00:00:00+00:00,80524.65,165,-30126.47,-182.58466666666666,-0.0019261747861853986,1.0,pivot_n5,down,3612,3777
pivot_n5_3616,2025-06-13 00:00:00+00:00,102746.01,2025-10-06 00:00:00+00:00,126296.0,115,23549.990000000005,204.7825217391305,0.0017945072845552724,1.0,pivot_n5,up,3616,3731
pivot_n5_3625,2025-06-22 00:00:00+00:00,98225.01,2025-10-06 00:00:00+00:00,126296.0,106,28070.990000000005,264.82066037735854,0.002371391424319169,1.0,pivot_n5,up,3625,3731
pivot_n5_3635,2025-07-02 00:00:00+00:00,105119.7,2025-10-06 00:00:00+00:00,126296.0,96,21176.300000000003,220.58645833333335,0.0019117568476924602,1.0,pivot_n5,up,3635,3731
pivot_n5_3636,2025-07-03 00:00:00+00:00,110590.0,2025-11-21 00:00:00+00:00,80524.65,141,-30065.350000000006,-213.2294326241135,-0.002250115747203559,1.0,pivot_n5,down,3636,3777
pivot_n5_3647,2025-07-14 00:00:00+00:00,123231.07,2025-11-21 00:00:00+00:00,80524.65,130,-42706.42000000001,-328.5109230769232,-0.0032730604779334506,1.0,pivot_n5,down,3647,3777
pivot_n5_3658,2025-07-25 00:00:00+00:00,114750.0,2025-10-06 00:00:00+00:00,126296.0,73,11546.0,158.16438356164383,0.0013133220450516608,1.0,pivot_n5,up,3658,3731
pivot_n5_3667,2025-08-03 00:00:00+00:00,111903.68,2025-10-06 00:00:00+00:00,126296.0,64,14392.320000000007,224.8800000000001,0.0018904665147888551,1.0,pivot_n5,up,3667,3731
pivot_n5_3678,2025-08-14 00:00:00+00:00,124533.0,2026-02-06 00:00:00+00:00,60001.0,176,-64532.0,-366.65909090909093,-0.004148917683372652,1.0,pivot_n5,down,3678,3854
pivot_n5_3696,2025-09-01 00:00:00+00:00,107250.0,2025-10-06 00:00:00+00:00,126296.0,35,19046.0,544.1714285714286,0.004670451440608556,1.0,pivot_n5,up,3696,3731
pivot_n5_3713,2025-09-18 00:00:00+00:00,117998.17,2026-02-06 00:00:00+00:00,60001.0,141,-57997.17,-411.3274468085106,-0.004796509837737241,1.0,pivot_n5,down,3713,3854
pivot_n5_3720,2025-09-25 00:00:00+00:00,108623.7,2025-10-06 00:00:00+00:00,126296.0,11,17672.300000000003,1606.5727272727274,0.013703522044958233,1.0,pivot_n5,up,3720,3731
pivot_n5_3731,2025-10-06 00:00:00+00:00,126296.0,2026-02-06 00:00:00+00:00,60001.0,123,-66295.0,-538.9837398373984,-0.006050952272191428,1.0,pivot_n5,down,3731,3854
pivot_n5_3735,2025-10-10 00:00:00+00:00,107000.0,2025-10-27 00:00:00+00:00,116410.06,17,9410.059999999998,553.5329411764704,0.0049582425422204715,1.0,pivot_n5,up,3735,3752
pivot_n5_3742,2025-10-17 00:00:00+00:00,103516.75,2025-10-27 00:00:00+00:00,116410.06,10,12893.309999999998,1289.3309999999997,0.011738552231943032,1.0,pivot_n5,up,3742,3752
pivot_n5_3752,2025-10-27 00:00:00+00:00,116410.06,2026-02-06 00:00:00+00:00,60001.0,102,-56409.06,-553.03,-0.00649762479342916,1.0,pivot_n5,down,3752,3854
pivot_n5_3760,2025-11-04 00:00:00+00:00,98892.97,2025-11-11 00:00:00+00:00,107482.0,7,8589.029999999999,1227.0042857142855,0.01189789106942579,1.0,pivot_n5,up,3760,3767
pivot_n5_3767,2025-11-11 00:00:00+00:00,107482.0,2026-02-06 00:00:00+00:00,60001.0,87,-47481.0,-545.7586206896551,-0.006700714516522059,1.0,pivot_n5,down,3767,3854
pivot_n5_3777,2025-11-21 00:00:00+00:00,80524.65,2026-01-14 00:00:00+00:00,97963.62,54,17438.97,322.9438888888889,0.0036302377134877933,1.0,pivot_n5,up,3777,3831
pivot_n5_3787,2025-12-01 00:00:00+00:00,83800.0,2026-01-14 00:00:00+00:00,97963.62,44,14163.619999999995,321.90045454545447,0.0035491631311788748,1.0,pivot_n5,up,3787,3831
pivot_n5_3789,2025-12-03 00:00:00+00:00,94181.41,2026-02-06 00:00:00+00:00,60001.0,65,-34180.41,-525.8524615384616,-0.0069363321120761885,1.0,pivot_n5,down,3789,3854
pivot_n5_3795,2025-12-09 00:00:00+00:00,94640.66,2026-02-06 00:00:00+00:00,60001.0,59,-34639.66,-587.1128813559322,-0.007724168893074065,1.0,pivot_n5,down,3795,3854
pivot_n5_3804,2025-12-18 00:00:00+00:00,84400.0,2026-01-14 00:00:00+00:00,97963.62,27,13563.619999999995,502.35629629629614,0.005519584579925791,1.0,pivot_n5,up,3804,3831
pivot_n5_3808,2025-12-22 00:00:00+00:00,90541.8,2026-02-06 00:00:00+00:00,60001.0,46,-30540.800000000003,-663.9304347826088,-0.008944573777739556,1.0,pivot_n5,down,3808,3854
pivot_n5_3822,2026-01-05 00:00:00+00:00,94825.27,2026-02-06 00:00:00+00:00,60001.0,32,-34824.270000000004,-1088.2584375000001,-0.014302334567856604,1.0,pivot_n5,down,3822,3854
pivot_n5_3825,2026-01-08 00:00:00+00:00,89200.0,2026-01-14 00:00:00+00:00,97963.62,6,8763.619999999995,1460.6033333333326,0.015619190945657342,1.0,pivot_n5,up,3825,3831
pivot_n5_3831,2026-01-14 00:00:00+00:00,97963.62,2026-02-06 00:00:00+00:00,60001.0,23,-37962.619999999995,-1650.5486956521738,-0.02131456332652295,1.0,pivot_n5,down,3831,3854
pivot_n5_3854,2026-02-06 00:00:00+00:00,60001.0,2026-03-04 00:00:00+00:00,74100.0,26,14099.0,542.2692307692307,0.008117473213544665,1.0,pivot_n5,up,3854,3880
pivot_n5_3860,2026-02-12 00:00:00+00:00,65065.47,2026-03-04 00:00:00+00:00,74100.0,20,9034.529999999999,451.72649999999993,0.006501076927686253,1.0,pivot_n5,up,3860,3880
pivot_n5_3863,2026-02-15 00:00:00+00:00,70941.65,2026-02-24 00:00:00+00:00,62534.61,9,-8407.039999999994,-934.1155555555548,-0.014015282743701198,1.0,pivot_n5,down,3863,3872
pivot_n5_3872,2026-02-24 00:00:00+00:00,62534.61,2026-03-04 00:00:00+00:00,74100.0,8,11565.39,1445.67375,0.02121192110352177,1.0,pivot_n5,up,3872,3880
